order_id,carrier_id,warehouse_id,shipping_mode,supplier_reliability_score,warehouse_inventory_level,shipping_distance_km,processing_time_hours,is_delayed
ORD-1000,DHL,WH-Alpha (US-East),Same-Day,0.52,1815,707.2,39,1
ORD-1001,UPS,WH-Beta (US-West),Express Air,0.64,3826,1910.0,53,0
ORD-1002,FedEx,WH-Beta (US-West),Same-Day,0.97,2948,459.9,66,1
ORD-1003,DHL,WH-Delta (US-South),Express Air,0.59,3753,699.9,69,0
ORD-1004,DHL,WH-Alpha (US-East),Two-Day Air,0.9,673,907.6,26,1
ORD-1005,DHL,WH-Delta (US-South),Standard Ground,0.86,4087,2186.2,13,0
ORD-1006,USPS,WH-Alpha (US-East),Same-Day,0.69,4611,913.4,9,0
ORD-1007,DHL,WH-Beta (US-West),Two-Day Air,0.73,1853,112.7,25,0
ORD-1008,USPS,WH-Delta (US-South),Express Air,0.82,2295,464.6,41,0
ORD-1009,USPS,WH-Beta (US-West),Standard Ground,0.82,1883,1585.0,14,0
ORD-1010,FedEx,WH-Beta (US-West),Two-Day Air,0.58,870,1548.2,66,1
ORD-1011,USPS,WH-Delta (US-South),Express Air,0.6,4452,726.3,34,0
ORD-1012,USPS,WH-Delta (US-South),Same-Day,0.9,372,333.1,41,0
ORD-1013,USPS,WH-Alpha (US-East),Express Air,0.74,527,678.8,71,0
ORD-1014,FedEx,WH-Delta (US-South),Same-Day,0.99,751,2237.2,68,1
ORD-1015,DHL,WH-Alpha (US-East),Express Air,0.89,1264,2446.8,28,1
ORD-1016,UPS,WH-Beta (US-West),Express Air,0.9,3949,1118.0,70,1
ORD-1017,DHL,WH-Alpha (US-East),Two-Day Air,0.9,2466,2348.0,15,1
ORD-1018,USPS,WH-Beta (US-West),Express Air,0.7,2528,2263.2,42,0
ORD-1019,DHL,WH-Delta (US-South),Standard Ground,0.76,2054,1408.4,35,0
ORD-1020,DHL,WH-Beta (US-West),Standard Ground,0.66,4333,2240.0,62,1
ORD-1021,UPS,WH-Delta (US-South),Same-Day,0.92,1357,38.8,14,0
ORD-1022,FedEx,WH-Beta (US-West),Express Air,0.97,751,1654.8,17,0
ORD-1023,DHL,WH-Beta (US-West),Standard Ground,0.87,935,2423.4,41,0
ORD-1024,Amazon Logistics,WH-Gamma (US-Central),Same-Day,0.93,4576,952.7,4,1
ORD-1025,Amazon Logistics,WH-Alpha (US-East),Standard Ground,0.9,3097,1093.3,21,0
ORD-1026,Amazon Logistics,WH-Beta (US-West),Two-Day Air,0.77,3538,1543.0,71,1
ORD-1027,DHL,WH-Gamma (US-Central),Same-Day,0.77,1124,2425.1,25,1
ORD-1028,FedEx,WH-Beta (US-West),Standard Ground,0.76,2524,449.6,23,1
ORD-1029,DHL,WH-Delta (US-South),Express Air,0.67,4968,337.5,61,0
ORD-1030,USPS,WH-Beta (US-West),Express Air,0.5,166,1302.9,71,0
ORD-1031,Amazon Logistics,WH-Delta (US-South),Express Air,0.89,1422,1521.2,34,0
ORD-1032,FedEx,WH-Beta (US-West),Two-Day Air,0.67,2642,323.9,51,0
ORD-1033,UPS,WH-Gamma (US-Central),Two-Day Air,0.86,1766,1153.4,45,0
ORD-1034,UPS,WH-Delta (US-South),Same-Day,0.77,328,260.2,12,0
ORD-1035,UPS,WH-Gamma (US-Central),Same-Day,0.58,1702,71.6,33,0
ORD-1036,UPS,WH-Gamma (US-Central),Standard Ground,0.81,4617,456.1,66,0
ORD-1037,FedEx,WH-Gamma (US-Central),Two-Day Air,0.68,2077,2423.3,30,1
ORD-1038,USPS,WH-Alpha (US-East),Same-Day,0.73,3985,1162.1,47,0
ORD-1039,USPS,WH-Delta (US-South),Standard Ground,0.85,4726,1092.1,45,0
ORD-1040,Amazon Logistics,WH-Alpha (US-East),Same-Day,0.81,848,413.5,45,0
ORD-1041,USPS,WH-Beta (US-West),Standard Ground,0.63,4044,958.0,13,0
ORD-1042,Amazon Logistics,WH-Alpha (US-East),Express Air,0.61,3864,634.1,36,1
ORD-1043,FedEx,WH-Gamma (US-Central),Same-Day,0.91,3625,1823.4,58,0
ORD-1044,DHL,WH-Gamma (US-Central),Same-Day,0.72,1231,1482.9,62,1
ORD-1045,FedEx,WH-Gamma (US-Central),Express Air,0.57,2393,45.1,11,0
ORD-1046,USPS,WH-Alpha (US-East),Two-Day Air,0.54,3593,848.2,5,0
ORD-1047,FedEx,WH-Beta (US-West),Two-Day Air,0.76,1015,2252.4,50,0
ORD-1048,USPS,WH-Gamma (US-Central),Two-Day Air,0.71,2620,875.0,42,0
ORD-1049,FedEx,WH-Gamma (US-Central),Two-Day Air,0.97,1680,1825.0,71,1
ORD-1050,USPS,WH-Delta (US-South),Standard Ground,0.79,3712,193.6,67,0
ORD-1051,Amazon Logistics,WH-Alpha (US-East),Express Air,0.78,918,608.4,16,0
ORD-1052,DHL,WH-Delta (US-South),Standard Ground,0.53,4782,2302.5,32,0
ORD-1053,FedEx,WH-Delta (US-South),Standard Ground,0.87,956,512.2,49,0
ORD-1054,UPS,WH-Delta (US-South),Standard Ground,0.68,2999,973.8,43,1
ORD-1055,DHL,WH-Delta (US-South),Standard Ground,0.99,4466,496.6,37,1
ORD-1056,USPS,WH-Gamma (US-Central),Same-Day,0.98,3018,2301.9,29,1
ORD-1057,DHL,WH-Delta (US-South),Same-Day,0.57,2439,668.8,39,0
ORD-1058,Amazon Logistics,WH-Delta (US-South),Standard Ground,0.6,1028,1338.1,53,0
ORD-1059,USPS,WH-Beta (US-West),Two-Day Air,0.65,888,514.3,9,0
ORD-1060,Amazon Logistics,WH-Delta (US-South),Same-Day,0.61,3767,1776.4,47,0
ORD-1061,FedEx,WH-Gamma (US-Central),Two-Day Air,0.62,2748,2051.5,27,0
ORD-1062,Amazon Logistics,WH-Beta (US-West),Same-Day,0.86,3950,364.2,36,0
ORD-1063,UPS,WH-Gamma (US-Central),Express Air,0.65,4843,95.5,39,0
ORD-1064,Amazon Logistics,WH-Beta (US-West),Standard Ground,0.73,2236,1632.2,65,0
ORD-1065,Amazon Logistics,WH-Alpha (US-East),Standard Ground,0.87,155,1978.5,65,1
ORD-1066,USPS,WH-Gamma (US-Central),Express Air,0.8,2635,1415.1,6,0
ORD-1067,USPS,WH-Delta (US-South),Same-Day,0.71,1918,1625.1,14,0
ORD-1068,USPS,WH-Gamma (US-Central),Express Air,0.64,3926,2231.1,41,1
ORD-1069,UPS,WH-Beta (US-West),Express Air,0.5,4903,491.4,6,0
ORD-1070,Amazon Logistics,WH-Beta (US-West),Standard Ground,0.83,447,704.7,35,0
ORD-1071,FedEx,WH-Gamma (US-Central),Same-Day,0.53,3929,253.9,53,0
ORD-1072,UPS,WH-Delta (US-South),Standard Ground,0.98,3932,1852.9,5,0
ORD-1073,FedEx,WH-Beta (US-West),Same-Day,0.88,3086,1854.8,25,0
ORD-1074,FedEx,WH-Delta (US-South),Two-Day Air,0.58,254,679.2,9,0
ORD-1075,FedEx,WH-Alpha (US-East),Standard Ground,0.86,3607,1753.3,61,0
ORD-1076,FedEx,WH-Alpha (US-East),Same-Day,0.57,302,1669.0,53,1
ORD-1077,Amazon Logistics,WH-Gamma (US-Central),Two-Day Air,0.93,72,1736.4,37,0
ORD-1078,Amazon Logistics,WH-Beta (US-West),Same-Day,0.96,4804,1696.1,62,1
ORD-1079,UPS,WH-Delta (US-South),Express Air,0.9,1324,1090.9,65,0
ORD-1080,USPS,WH-Delta (US-South),Express Air,1.0,2763,329.3,58,0
ORD-1081,UPS,WH-Beta (US-West),Express Air,0.98,4974,24.9,61,0
ORD-1082,DHL,WH-Beta (US-West),Same-Day,0.79,4419,1156.4,5,0
ORD-1083,FedEx,WH-Beta (US-West),Express Air,0.6,2379,1489.7,43,1
ORD-1084,DHL,WH-Gamma (US-Central),Standard Ground,0.94,3920,914.3,36,0
ORD-1085,USPS,WH-Alpha (US-East),Standard Ground,0.99,2468,2094.6,48,1
ORD-1086,DHL,WH-Delta (US-South),Express Air,0.86,169,1670.5,45,1
ORD-1087,USPS,WH-Gamma (US-Central),Two-Day Air,0.68,3002,544.9,11,0
ORD-1088,UPS,WH-Beta (US-West),Same-Day,0.54,2120,919.0,25,0
ORD-1089,UPS,WH-Gamma (US-Central),Same-Day,0.62,3316,1642.4,21,0
ORD-1090,DHL,WH-Gamma (US-Central),Two-Day Air,0.73,2611,1425.6,32,0
ORD-1091,DHL,WH-Gamma (US-Central),Standard Ground,0.77,2276,1345.6,22,0
ORD-1092,FedEx,WH-Delta (US-South),Standard Ground,0.68,1076,381.9,48,0
ORD-1093,FedEx,WH-Beta (US-West),Same-Day,0.63,2757,600.7,64,0
ORD-1094,FedEx,WH-Beta (US-West),Same-Day,0.54,3987,1744.8,4,1
ORD-1095,FedEx,WH-Gamma (US-Central),Standard Ground,0.89,622,882.9,12,0
ORD-1096,UPS,WH-Beta (US-West),Two-Day Air,0.74,1003,1259.4,34,0
ORD-1097,DHL,WH-Gamma (US-Central),Standard Ground,0.82,4804,1728.6,15,0
ORD-1098,Amazon Logistics,WH-Delta (US-South),Express Air,0.8,1975,1616.0,60,0
ORD-1099,UPS,WH-Alpha (US-East),Standard Ground,0.86,638,1265.2,14,0
ORD-1100,Amazon Logistics,WH-Alpha (US-East),Two-Day Air,0.94,1772,1726.3,5,1
ORD-1101,USPS,WH-Delta (US-South),Two-Day Air,0.59,1787,1156.0,20,0
ORD-1102,USPS,WH-Gamma (US-Central),Express Air,0.96,3844,531.1,17,0
ORD-1103,USPS,WH-Beta (US-West),Standard Ground,0.81,4836,2331.0,52,1
ORD-1104,USPS,WH-Alpha (US-East),Same-Day,0.51,2634,315.9,44,0
ORD-1105,Amazon Logistics,WH-Alpha (US-East),Express Air,0.9,2021,2125.1,56,0
ORD-1106,DHL,WH-Delta (US-South),Standard Ground,0.95,1872,2130.8,57,0
ORD-1107,DHL,WH-Delta (US-South),Express Air,0.84,2847,1344.4,67,1
ORD-1108,USPS,WH-Delta (US-South),Two-Day Air,0.97,4906,995.6,35,0
ORD-1109,UPS,WH-Beta (US-West),Standard Ground,0.57,4599,2235.6,44,0
ORD-1110,UPS,WH-Alpha (US-East),Standard Ground,0.83,1011,852.7,8,0
ORD-1111,Amazon Logistics,WH-Delta (US-South),Express Air,0.94,153,89.0,24,1
ORD-1112,FedEx,WH-Delta (US-South),Express Air,0.58,3620,290.3,50,1
ORD-1113,UPS,WH-Gamma (US-Central),Express Air,0.96,1951,366.0,19,0
ORD-1114,Amazon Logistics,WH-Alpha (US-East),Standard Ground,0.81,2082,517.7,46,0
ORD-1115,UPS,WH-Beta (US-West),Same-Day,0.91,1602,378.3,20,1
ORD-1116,DHL,WH-Alpha (US-East),Express Air,0.53,4097,954.2,46,0
ORD-1117,FedEx,WH-Gamma (US-Central),Two-Day Air,0.59,4492,1836.7,33,1
ORD-1118,USPS,WH-Gamma (US-Central),Two-Day Air,0.93,3020,879.1,62,0
ORD-1119,USPS,WH-Beta (US-West),Express Air,0.92,1704,595.7,66,1
ORD-1120,FedEx,WH-Alpha (US-East),Express Air,0.73,4501,1715.6,48,0
ORD-1121,USPS,WH-Gamma (US-Central),Express Air,0.69,1253,1293.0,71,1
ORD-1122,UPS,WH-Alpha (US-East),Two-Day Air,0.57,649,1507.2,25,0
ORD-1123,USPS,WH-Alpha (US-East),Express Air,0.54,2873,824.4,35,1
ORD-1124,Amazon Logistics,WH-Gamma (US-Central),Two-Day Air,0.75,3678,2389.3,55,0
ORD-1125,UPS,WH-Gamma (US-Central),Same-Day,0.82,3166,793.4,13,0
ORD-1126,Amazon Logistics,WH-Alpha (US-East),Express Air,0.96,748,552.5,4,0
ORD-1127,DHL,WH-Gamma (US-Central),Standard Ground,0.69,2906,1139.4,70,0
ORD-1128,Amazon Logistics,WH-Alpha (US-East),Standard Ground,0.64,4790,1878.2,5,0
ORD-1129,FedEx,WH-Gamma (US-Central),Standard Ground,0.55,3770,1539.3,69,1
ORD-1130,FedEx,WH-Delta (US-South),Same-Day,0.59,422,973.1,38,1
ORD-1131,UPS,WH-Alpha (US-East),Express Air,0.7,2765,359.0,30,0
ORD-1132,Amazon Logistics,WH-Alpha (US-East),Express Air,0.54,1823,518.3,24,0
ORD-1133,USPS,WH-Gamma (US-Central),Same-Day,0.66,2731,2475.5,45,0
ORD-1134,Amazon Logistics,WH-Delta (US-South),Two-Day Air,0.93,3657,1883.6,69,1
ORD-1135,UPS,WH-Delta (US-South),Express Air,0.55,3527,1598.2,34,0
ORD-1136,Amazon Logistics,WH-Alpha (US-East),Standard Ground,0.52,3742,2141.2,52,1
ORD-1137,UPS,WH-Beta (US-West),Same-Day,0.87,3860,831.5,40,0
ORD-1138,UPS,WH-Delta (US-South),Two-Day Air,0.83,3213,1192.2,37,1
ORD-1139,USPS,WH-Gamma (US-Central),Two-Day Air,0.54,2357,455.3,15,0
ORD-1140,USPS,WH-Delta (US-South),Standard Ground,0.78,119,2273.4,37,1
ORD-1141,USPS,WH-Delta (US-South),Same-Day,0.74,3540,1862.1,41,0
ORD-1142,USPS,WH-Beta (US-West),Same-Day,0.61,2015,2179.2,55,0
ORD-1143,DHL,WH-Alpha (US-East),Standard Ground,0.96,4000,1768.4,4,0
ORD-1144,UPS,WH-Delta (US-South),Express Air,0.6,240,1843.1,12,0
ORD-1145,DHL,WH-Gamma (US-Central),Two-Day Air,0.92,2336,644.9,19,0
ORD-1146,USPS,WH-Beta (US-West),Express Air,0.99,1421,223.9,34,0
ORD-1147,DHL,WH-Delta (US-South),Express Air,0.58,796,365.0,22,1
ORD-1148,FedEx,WH-Gamma (US-Central),Two-Day Air,0.85,1961,684.8,46,1
ORD-1149,UPS,WH-Beta (US-West),Same-Day,0.98,4546,1478.8,22,0
ORD-1150,UPS,WH-Delta (US-South),Standard Ground,0.94,644,599.0,7,0
ORD-1151,UPS,WH-Beta (US-West),Same-Day,0.55,1283,1512.2,59,1
ORD-1152,USPS,WH-Beta (US-West),Two-Day Air,0.55,4452,1940.8,15,1
ORD-1153,UPS,WH-Alpha (US-East),Express Air,0.57,3554,2334.1,66,1
ORD-1154,USPS,WH-Delta (US-South),Same-Day,0.57,4164,1514.2,58,1
ORD-1155,USPS,WH-Delta (US-South),Two-Day Air,0.51,43,1182.1,18,0
ORD-1156,FedEx,WH-Delta (US-South),Express Air,0.65,1860,1347.7,30,0
ORD-1157,UPS,WH-Gamma (US-Central),Express Air,0.73,4991,2187.9,9,1
ORD-1158,FedEx,WH-Gamma (US-Central),Two-Day Air,0.62,3150,1102.1,18,1
ORD-1159,UPS,WH-Delta (US-South),Express Air,0.74,4114,957.6,41,0
ORD-1160,FedEx,WH-Alpha (US-East),Same-Day,0.57,3364,1735.5,23,1
ORD-1161,USPS,WH-Gamma (US-Central),Two-Day Air,0.68,3706,174.2,21,0
ORD-1162,DHL,WH-Gamma (US-Central),Two-Day Air,0.61,4804,1777.1,21,0
ORD-1163,USPS,WH-Beta (US-West),Two-Day Air,0.79,49,1068.1,31,0
ORD-1164,USPS,WH-Gamma (US-Central),Same-Day,0.85,3841,311.7,28,0
ORD-1165,FedEx,WH-Alpha (US-East),Standard Ground,0.52,3165,840.5,33,1
ORD-1166,FedEx,WH-Delta (US-South),Standard Ground,0.64,2363,526.9,62,1
ORD-1167,UPS,WH-Gamma (US-Central),Standard Ground,0.91,2177,838.4,8,0
ORD-1168,DHL,WH-Beta (US-West),Two-Day Air,0.64,4509,617.4,61,0
ORD-1169,FedEx,WH-Beta (US-West),Express Air,0.78,2212,1299.8,19,0
ORD-1170,Amazon Logistics,WH-Delta (US-South),Same-Day,0.72,4929,360.2,23,0
ORD-1171,DHL,WH-Delta (US-South),Same-Day,0.6,4773,255.8,19,0
ORD-1172,FedEx,WH-Delta (US-South),Same-Day,0.53,2041,1715.3,37,0
ORD-1173,FedEx,WH-Alpha (US-East),Two-Day Air,0.86,428,1627.0,32,0
ORD-1174,FedEx,WH-Beta (US-West),Standard Ground,0.88,1842,1718.5,11,0
ORD-1175,Amazon Logistics,WH-Gamma (US-Central),Express Air,0.52,2646,1510.6,71,0
ORD-1176,UPS,WH-Alpha (US-East),Express Air,0.66,4271,2198.8,21,0
ORD-1177,Amazon Logistics,WH-Alpha (US-East),Two-Day Air,0.82,832,884.3,68,0
ORD-1178,Amazon Logistics,WH-Alpha (US-East),Same-Day,0.54,2848,1826.6,59,0
ORD-1179,DHL,WH-Alpha (US-East),Standard Ground,0.58,2186,1856.7,27,0
ORD-1180,FedEx,WH-Alpha (US-East),Two-Day Air,0.6,3057,549.9,56,0
ORD-1181,FedEx,WH-Beta (US-West),Standard Ground,0.62,1073,386.6,27,0
ORD-1182,FedEx,WH-Gamma (US-Central),Standard Ground,0.99,3634,2280.3,36,0
ORD-1183,UPS,WH-Gamma (US-Central),Standard Ground,0.59,777,641.5,8,0
ORD-1184,DHL,WH-Delta (US-South),Same-Day,0.84,3590,150.9,62,0
ORD-1185,Amazon Logistics,WH-Beta (US-West),Express Air,0.78,639,1301.9,68,1
ORD-1186,USPS,WH-Gamma (US-Central),Same-Day,0.67,2680,911.2,29,0
ORD-1187,USPS,WH-Beta (US-West),Standard Ground,0.55,178,881.1,41,1
ORD-1188,UPS,WH-Alpha (US-East),Two-Day Air,0.96,1245,746.1,71,0
ORD-1189,FedEx,WH-Delta (US-South),Two-Day Air,0.5,2517,2289.7,18,1
ORD-1190,DHL,WH-Alpha (US-East),Same-Day,0.71,3838,2086.7,18,0
ORD-1191,USPS,WH-Beta (US-West),Same-Day,0.91,1220,1500.0,63,0
ORD-1192,UPS,WH-Delta (US-South),Two-Day Air,0.67,1839,234.5,23,0
ORD-1193,USPS,WH-Beta (US-West),Standard Ground,0.62,4386,695.7,29,0
ORD-1194,USPS,WH-Beta (US-West),Two-Day Air,0.89,343,676.9,8,0
ORD-1195,USPS,WH-Beta (US-West),Standard Ground,0.67,3448,1729.6,11,0
ORD-1196,UPS,WH-Delta (US-South),Standard Ground,0.87,1731,1100.8,19,0
ORD-1197,DHL,WH-Alpha (US-East),Two-Day Air,0.55,248,1255.1,36,0
ORD-1198,Amazon Logistics,WH-Alpha (US-East),Express Air,0.8,163,2419.6,70,1
ORD-1199,DHL,WH-Beta (US-West),Standard Ground,0.65,4425,1682.6,57,1
ORD-1200,DHL,WH-Alpha (US-East),Standard Ground,0.76,4208,1348.5,64,1
ORD-1201,Amazon Logistics,WH-Delta (US-South),Standard Ground,0.85,3412,1895.1,8,1
ORD-1202,USPS,WH-Alpha (US-East),Standard Ground,0.6,4443,2386.8,5,1
ORD-1203,Amazon Logistics,WH-Alpha (US-East),Same-Day,0.95,166,286.0,5,0
ORD-1204,FedEx,WH-Beta (US-West),Express Air,0.51,3682,2038.7,24,0
ORD-1205,Amazon Logistics,WH-Beta (US-West),Express Air,0.83,1291,61.2,5,0
ORD-1206,Amazon Logistics,WH-Alpha (US-East),Express Air,0.85,332,1856.5,28,0
ORD-1207,FedEx,WH-Alpha (US-East),Same-Day,0.93,621,2167.0,64,0
ORD-1208,UPS,WH-Beta (US-West),Two-Day Air,0.76,2782,1017.6,15,0
ORD-1209,DHL,WH-Alpha (US-East),Same-Day,0.68,4219,1077.1,70,1
ORD-1210,Amazon Logistics,WH-Beta (US-West),Same-Day,0.55,3948,1221.5,59,1
ORD-1211,Amazon Logistics,WH-Gamma (US-Central),Same-Day,0.89,2902,2477.1,62,1
ORD-1212,USPS,WH-Beta (US-West),Two-Day Air,0.96,491,1071.1,60,0
ORD-1213,USPS,WH-Gamma (US-Central),Standard Ground,0.61,4850,547.1,62,0
ORD-1214,Amazon Logistics,WH-Gamma (US-Central),Standard Ground,0.58,4673,2349.0,17,1
ORD-1215,USPS,WH-Delta (US-South),Standard Ground,0.8,2360,856.0,4,0
ORD-1216,DHL,WH-Beta (US-West),Standard Ground,0.67,2725,1701.2,48,1
ORD-1217,UPS,WH-Delta (US-South),Same-Day,0.99,3701,1250.2,19,0
ORD-1218,USPS,WH-Gamma (US-Central),Standard Ground,0.91,2391,646.1,49,1
ORD-1219,USPS,WH-Alpha (US-East),Express Air,0.56,4564,998.1,22,0
ORD-1220,UPS,WH-Beta (US-West),Express Air,0.89,3294,1274.7,12,0
ORD-1221,UPS,WH-Gamma (US-Central),Standard Ground,0.97,4940,1579.1,38,1
ORD-1222,UPS,WH-Delta (US-South),Standard Ground,0.52,2656,979.4,18,1
ORD-1223,FedEx,WH-Gamma (US-Central),Express Air,0.77,3766,954.3,42,1
ORD-1224,UPS,WH-Delta (US-South),Two-Day Air,0.81,3858,967.6,26,1
ORD-1225,DHL,WH-Beta (US-West),Standard Ground,0.97,1511,1451.8,40,0
ORD-1226,DHL,WH-Beta (US-West),Two-Day Air,0.62,976,1790.6,44,0
ORD-1227,UPS,WH-Alpha (US-East),Two-Day Air,0.73,1871,964.9,15,0
ORD-1228,FedEx,WH-Alpha (US-East),Express Air,0.85,961,2209.1,51,1
ORD-1229,Amazon Logistics,WH-Alpha (US-East),Express Air,0.89,4574,1858.3,5,0
ORD-1230,UPS,WH-Delta (US-South),Standard Ground,0.61,1753,23.0,23,0
ORD-1231,UPS,WH-Alpha (US-East),Two-Day Air,0.64,4881,2282.5,61,1
ORD-1232,DHL,WH-Alpha (US-East),Same-Day,0.51,2312,1361.5,4,1
ORD-1233,Amazon Logistics,WH-Delta (US-South),Standard Ground,0.73,2294,563.8,12,0
ORD-1234,FedEx,WH-Delta (US-South),Express Air,0.59,4415,1306.0,31,0
ORD-1235,FedEx,WH-Alpha (US-East),Two-Day Air,0.64,2079,1453.9,51,0
ORD-1236,Amazon Logistics,WH-Beta (US-West),Standard Ground,0.88,4446,2095.5,59,0
ORD-1237,USPS,WH-Beta (US-West),Two-Day Air,0.62,654,1173.4,47,1
ORD-1238,DHL,WH-Gamma (US-Central),Standard Ground,0.96,2352,1933.2,17,0
ORD-1239,USPS,WH-Delta (US-South),Express Air,0.66,4181,971.3,64,1
ORD-1240,Amazon Logistics,WH-Beta (US-West),Express Air,0.69,108,1082.7,70,0
ORD-1241,FedEx,WH-Gamma (US-Central),Two-Day Air,0.61,4535,2466.6,5,0
ORD-1242,FedEx,WH-Alpha (US-East),Two-Day Air,0.79,1002,1222.6,45,0
ORD-1243,UPS,WH-Beta (US-West),Standard Ground,0.57,3170,114.6,66,1
ORD-1244,USPS,WH-Beta (US-West),Same-Day,0.89,4968,519.9,34,0
ORD-1245,DHL,WH-Gamma (US-Central),Standard Ground,0.76,3515,66.3,49,1
ORD-1246,DHL,WH-Gamma (US-Central),Express Air,0.73,3147,2311.5,45,1
ORD-1247,DHL,WH-Delta (US-South),Express Air,0.74,4041,1508.0,40,0
ORD-1248,USPS,WH-Delta (US-South),Standard Ground,0.84,734,2160.1,70,1
ORD-1249,UPS,WH-Gamma (US-Central),Express Air,0.68,930,389.8,38,0
ORD-1250,USPS,WH-Delta (US-South),Express Air,0.56,4094,1543.6,11,1
ORD-1251,Amazon Logistics,WH-Alpha (US-East),Two-Day Air,0.53,4315,2045.8,71,1
ORD-1252,DHL,WH-Gamma (US-Central),Express Air,0.58,543,1193.2,39,0
ORD-1253,Amazon Logistics,WH-Alpha (US-East),Same-Day,0.96,811,1689.6,9,0
ORD-1254,FedEx,WH-Beta (US-West),Express Air,0.63,937,1544.3,12,1
ORD-1255,DHL,WH-Beta (US-West),Standard Ground,0.72,29,1853.5,6,0
ORD-1256,Amazon Logistics,WH-Gamma (US-Central),Express Air,0.85,587,1042.6,60,0
ORD-1257,UPS,WH-Delta (US-South),Standard Ground,0.89,4213,2379.0,38,0
ORD-1258,DHL,WH-Gamma (US-Central),Two-Day Air,0.68,4231,2392.3,68,1
ORD-1259,DHL,WH-Alpha (US-East),Standard Ground,0.6,3377,1837.9,55,1
ORD-1260,FedEx,WH-Alpha (US-East),Express Air,0.69,4603,2485.5,38,1
ORD-1261,USPS,WH-Beta (US-West),Two-Day Air,0.94,968,1046.4,29,0
ORD-1262,Amazon Logistics,WH-Beta (US-West),Express Air,1.0,4950,2252.0,70,1
ORD-1263,FedEx,WH-Beta (US-West),Same-Day,0.69,1857,1077.7,33,0
ORD-1264,Amazon Logistics,WH-Delta (US-South),Express Air,0.78,2966,77.1,26,1
ORD-1265,Amazon Logistics,WH-Gamma (US-Central),Same-Day,0.64,2804,1982.0,45,0
ORD-1266,USPS,WH-Gamma (US-Central),Same-Day,0.92,3871,1524.7,11,1
ORD-1267,USPS,WH-Beta (US-West),Express Air,0.87,1568,1331.5,39,0
ORD-1268,FedEx,WH-Beta (US-West),Same-Day,0.53,4310,1468.7,56,0
ORD-1269,Amazon Logistics,WH-Gamma (US-Central),Same-Day,0.52,3349,59.0,15,0
ORD-1270,DHL,WH-Alpha (US-East),Express Air,0.7,4340,1263.7,63,1
ORD-1271,UPS,WH-Gamma (US-Central),Standard Ground,0.93,4025,2075.4,50,1
ORD-1272,USPS,WH-Gamma (US-Central),Same-Day,0.69,4384,2087.8,29,0
ORD-1273,DHL,WH-Alpha (US-East),Same-Day,0.57,71,1201.7,13,0
ORD-1274,FedEx,WH-Beta (US-West),Standard Ground,0.85,1927,1051.1,29,0
ORD-1275,FedEx,WH-Delta (US-South),Express Air,0.72,337,359.2,32,1
ORD-1276,DHL,WH-Gamma (US-Central),Standard Ground,0.7,3411,1047.9,42,1
ORD-1277,Amazon Logistics,WH-Delta (US-South),Express Air,0.78,1455,1206.7,20,0
ORD-1278,UPS,WH-Alpha (US-East),Two-Day Air,0.58,959,2439.9,5,0
ORD-1279,DHL,WH-Beta (US-West),Express Air,0.55,2713,2298.2,7,0
ORD-1280,FedEx,WH-Alpha (US-East),Two-Day Air,0.92,2905,1965.3,31,0
ORD-1281,FedEx,WH-Alpha (US-East),Two-Day Air,0.51,2245,74.7,5,0
ORD-1282,Amazon Logistics,WH-Beta (US-West),Standard Ground,0.95,2991,383.9,26,0
ORD-1283,FedEx,WH-Beta (US-West),Express Air,0.78,735,2393.2,70,0
ORD-1284,FedEx,WH-Delta (US-South),Same-Day,0.96,2357,1126.1,10,0
ORD-1285,Amazon Logistics,WH-Gamma (US-Central),Two-Day Air,0.6,821,457.9,32,1
ORD-1286,FedEx,WH-Alpha (US-East),Express Air,0.86,2962,897.2,25,0
ORD-1287,Amazon Logistics,WH-Delta (US-South),Standard Ground,0.64,1390,1237.9,13,0
ORD-1288,USPS,WH-Gamma (US-Central),Standard Ground,0.82,2953,180.8,68,0
ORD-1289,Amazon Logistics,WH-Delta (US-South),Express Air,0.83,995,581.2,68,0
ORD-1290,DHL,WH-Alpha (US-East),Two-Day Air,0.74,2281,2012.6,60,1
ORD-1291,USPS,WH-Gamma (US-Central),Two-Day Air,0.91,3870,2420.8,67,0
ORD-1292,Amazon Logistics,WH-Gamma (US-Central),Same-Day,1.0,457,898.2,6,1
ORD-1293,DHL,WH-Delta (US-South),Standard Ground,0.58,48,1157.5,55,0
ORD-1294,DHL,WH-Beta (US-West),Express Air,0.81,4165,263.6,26,0
ORD-1295,DHL,WH-Alpha (US-East),Same-Day,1.0,2024,455.0,32,0
ORD-1296,Amazon Logistics,WH-Gamma (US-Central),Two-Day Air,0.56,3313,1221.5,30,0
ORD-1297,UPS,WH-Beta (US-West),Standard Ground,0.76,2221,1269.2,48,1
ORD-1298,UPS,WH-Beta (US-West),Express Air,0.55,2737,1739.2,35,1
ORD-1299,Amazon Logistics,WH-Alpha (US-East),Standard Ground,0.98,1410,349.1,10,0
ORD-1300,FedEx,WH-Alpha (US-East),Same-Day,0.95,3426,1437.1,21,0
ORD-1301,USPS,WH-Gamma (US-Central),Same-Day,0.62,2554,1960.3,64,1
ORD-1302,DHL,WH-Gamma (US-Central),Same-Day,0.64,1164,928.9,6,1
ORD-1303,FedEx,WH-Alpha (US-East),Same-Day,0.59,570,1389.5,15,1
ORD-1304,UPS,WH-Delta (US-South),Two-Day Air,0.5,71,1176.1,53,0
ORD-1305,Amazon Logistics,WH-Alpha (US-East),Same-Day,0.93,4606,409.2,70,0
ORD-1306,Amazon Logistics,WH-Alpha (US-East),Two-Day Air,0.77,1559,1178.2,36,1
ORD-1307,FedEx,WH-Beta (US-West),Express Air,0.57,3406,2288.3,57,1
ORD-1308,USPS,WH-Alpha (US-East),Same-Day,0.95,2786,2194.1,20,0
ORD-1309,DHL,WH-Beta (US-West),Standard Ground,0.64,2288,1966.8,53,1
ORD-1310,UPS,WH-Gamma (US-Central),Express Air,0.79,1944,115.6,53,1
ORD-1311,UPS,WH-Delta (US-South),Two-Day Air,0.84,3382,1457.6,46,0
ORD-1312,USPS,WH-Alpha (US-East),Express Air,0.8,1916,1482.2,48,0
ORD-1313,FedEx,WH-Delta (US-South),Same-Day,0.88,932,1134.4,40,0
ORD-1314,DHL,WH-Delta (US-South),Two-Day Air,0.74,4558,2266.1,54,1
ORD-1315,FedEx,WH-Gamma (US-Central),Express Air,0.93,4235,2004.7,37,0
ORD-1316,USPS,WH-Beta (US-West),Express Air,0.56,3332,2125.9,67,1
ORD-1317,DHL,WH-Delta (US-South),Express Air,0.76,1200,2444.4,7,1
ORD-1318,Amazon Logistics,WH-Beta (US-West),Standard Ground,0.71,4863,1996.1,5,0
ORD-1319,DHL,WH-Gamma (US-Central),Standard Ground,0.67,3271,2102.5,18,1
ORD-1320,DHL,WH-Beta (US-West),Standard Ground,0.64,1520,1066.8,6,0
ORD-1321,Amazon Logistics,WH-Alpha (US-East),Same-Day,0.77,4125,1224.2,60,1
ORD-1322,UPS,WH-Delta (US-South),Standard Ground,0.9,3436,1475.1,48,0
ORD-1323,FedEx,WH-Alpha (US-East),Express Air,0.95,1657,1288.8,22,0
ORD-1324,Amazon Logistics,WH-Alpha (US-East),Two-Day Air,0.93,513,1245.0,38,0
ORD-1325,FedEx,WH-Alpha (US-East),Same-Day,0.75,2279,34.9,28,0
ORD-1326,FedEx,WH-Alpha (US-East),Two-Day Air,0.98,4552,1766.7,21,0
ORD-1327,UPS,WH-Delta (US-South),Same-Day,0.54,2276,1622.2,35,0
ORD-1328,DHL,WH-Gamma (US-Central),Two-Day Air,0.79,1972,1961.1,11,1
ORD-1329,USPS,WH-Gamma (US-Central),Two-Day Air,0.67,1390,68.6,50,1
ORD-1330,FedEx,WH-Beta (US-West),Express Air,0.59,4009,1955.1,43,1
ORD-1331,UPS,WH-Alpha (US-East),Two-Day Air,0.72,4343,288.5,60,1
ORD-1332,UPS,WH-Beta (US-West),Express Air,0.88,1342,1066.1,41,1
ORD-1333,DHL,WH-Beta (US-West),Express Air,0.94,4169,1617.9,8,0
ORD-1334,Amazon Logistics,WH-Gamma (US-Central),Express Air,0.59,3590,615.8,42,1
ORD-1335,FedEx,WH-Gamma (US-Central),Same-Day,0.52,3892,2004.7,14,1
ORD-1336,USPS,WH-Gamma (US-Central),Standard Ground,0.77,455,1471.5,65,1
ORD-1337,UPS,WH-Beta (US-West),Standard Ground,0.84,204,2241.1,37,1
ORD-1338,Amazon Logistics,WH-Alpha (US-East),Two-Day Air,0.94,4933,2443.8,57,1
ORD-1339,DHL,WH-Beta (US-West),Same-Day,0.54,697,1039.9,31,0
ORD-1340,Amazon Logistics,WH-Gamma (US-Central),Express Air,0.67,3047,369.1,12,0
ORD-1341,FedEx,WH-Delta (US-South),Express Air,0.56,1842,2200.8,26,1
ORD-1342,FedEx,WH-Beta (US-West),Same-Day,0.78,215,1513.8,25,1
ORD-1343,UPS,WH-Delta (US-South),Express Air,0.66,1602,1882.0,67,1
ORD-1344,Amazon Logistics,WH-Alpha (US-East),Same-Day,0.77,1559,24.3,56,1
ORD-1345,USPS,WH-Gamma (US-Central),Standard Ground,0.87,2162,2191.6,47,1
ORD-1346,DHL,WH-Delta (US-South),Express Air,0.95,1842,896.0,15,0
ORD-1347,Amazon Logistics,WH-Delta (US-South),Two-Day Air,0.56,3792,336.7,17,1
ORD-1348,FedEx,WH-Beta (US-West),Two-Day Air,0.91,2170,722.4,40,1
ORD-1349,FedEx,WH-Beta (US-West),Express Air,0.96,2746,1524.3,42,1
ORD-1350,USPS,WH-Alpha (US-East),Same-Day,0.82,1783,721.2,31,1
ORD-1351,Amazon Logistics,WH-Gamma (US-Central),Standard Ground,0.51,3760,245.8,50,0
ORD-1352,USPS,WH-Delta (US-South),Standard Ground,0.75,4534,2191.3,67,0
ORD-1353,DHL,WH-Alpha (US-East),Express Air,0.8,4770,346.6,20,0
ORD-1354,USPS,WH-Alpha (US-East),Standard Ground,0.79,48,546.0,20,0
ORD-1355,FedEx,WH-Alpha (US-East),Same-Day,0.72,3255,1822.8,22,0
ORD-1356,USPS,WH-Alpha (US-East),Two-Day Air,0.58,2764,2381.5,53,1
ORD-1357,Amazon Logistics,WH-Alpha (US-East),Standard Ground,0.66,4559,1473.5,20,1
ORD-1358,Amazon Logistics,WH-Beta (US-West),Standard Ground,0.76,4431,1170.2,49,1
ORD-1359,USPS,WH-Gamma (US-Central),Two-Day Air,0.51,2319,1855.0,49,1
ORD-1360,Amazon Logistics,WH-Delta (US-South),Standard Ground,0.52,795,259.3,53,1
ORD-1361,FedEx,WH-Gamma (US-Central),Same-Day,0.91,3497,1672.9,66,1
ORD-1362,FedEx,WH-Gamma (US-Central),Two-Day Air,0.78,4934,133.5,65,0
ORD-1363,USPS,WH-Delta (US-South),Same-Day,0.9,2758,1273.9,21,0
ORD-1364,USPS,WH-Gamma (US-Central),Standard Ground,0.93,1100,2066.4,27,0
ORD-1365,USPS,WH-Delta (US-South),Two-Day Air,0.85,4098,1032.0,56,1
ORD-1366,UPS,WH-Beta (US-West),Express Air,0.95,2339,1667.2,7,0
ORD-1367,UPS,WH-Gamma (US-Central),Standard Ground,0.94,4149,1919.9,31,0
ORD-1368,USPS,WH-Beta (US-West),Same-Day,0.78,2975,81.8,54,1
ORD-1369,FedEx,WH-Delta (US-South),Express Air,0.95,2449,978.6,9,0
ORD-1370,USPS,WH-Gamma (US-Central),Express Air,0.52,3492,689.0,40,1
ORD-1371,DHL,WH-Gamma (US-Central),Standard Ground,0.9,4016,975.4,23,0
ORD-1372,FedEx,WH-Delta (US-South),Same-Day,0.9,3733,516.8,55,0
ORD-1373,USPS,WH-Delta (US-South),Two-Day Air,0.66,782,720.1,15,0
ORD-1374,USPS,WH-Delta (US-South),Same-Day,0.95,4828,746.6,65,1
ORD-1375,FedEx,WH-Beta (US-West),Two-Day Air,0.68,922,1661.1,49,1
ORD-1376,USPS,WH-Alpha (US-East),Same-Day,0.69,3107,76.1,20,0
ORD-1377,UPS,WH-Beta (US-West),Standard Ground,0.72,3343,1206.1,62,1
ORD-1378,Amazon Logistics,WH-Beta (US-West),Same-Day,0.88,4309,2438.8,50,1
ORD-1379,Amazon Logistics,WH-Gamma (US-Central),Standard Ground,0.64,3680,2033.2,18,1
ORD-1380,UPS,WH-Alpha (US-East),Same-Day,0.89,1466,2040.4,23,0
ORD-1381,Amazon Logistics,WH-Gamma (US-Central),Same-Day,0.58,351,1270.5,8,0
ORD-1382,DHL,WH-Beta (US-West),Standard Ground,0.54,4670,864.8,13,0
ORD-1383,FedEx,WH-Delta (US-South),Two-Day Air,0.82,4233,2323.5,55,0
ORD-1384,UPS,WH-Alpha (US-East),Express Air,0.8,3054,1785.5,59,1
ORD-1385,UPS,WH-Beta (US-West),Express Air,0.68,1596,346.5,27,0
ORD-1386,DHL,WH-Delta (US-South),Same-Day,0.77,2290,399.7,17,0
ORD-1387,Amazon Logistics,WH-Alpha (US-East),Two-Day Air,0.98,220,1681.3,18,1
ORD-1388,USPS,WH-Beta (US-West),Two-Day Air,0.73,2590,2486.5,17,1
ORD-1389,FedEx,WH-Gamma (US-Central),Two-Day Air,0.9,252,1145.5,31,0
ORD-1390,FedEx,WH-Delta (US-South),Standard Ground,0.86,3917,892.4,11,1
ORD-1391,USPS,WH-Alpha (US-East),Same-Day,0.69,3904,317.1,59,1
ORD-1392,DHL,WH-Beta (US-West),Express Air,0.63,4605,1855.0,13,1
ORD-1393,Amazon Logistics,WH-Delta (US-South),Two-Day Air,0.61,4480,1315.7,36,0
ORD-1394,DHL,WH-Gamma (US-Central),Same-Day,0.88,3011,2020.1,55,1
ORD-1395,FedEx,WH-Alpha (US-East),Same-Day,0.86,30,982.2,53,1
ORD-1396,FedEx,WH-Beta (US-West),Standard Ground,1.0,2965,1339.6,21,0
ORD-1397,Amazon Logistics,WH-Beta (US-West),Standard Ground,0.61,223,2395.6,19,0
ORD-1398,FedEx,WH-Gamma (US-Central),Same-Day,0.83,4844,221.8,32,0
ORD-1399,DHL,WH-Gamma (US-Central),Same-Day,0.66,948,2431.0,31,0
ORD-1400,USPS,WH-Delta (US-South),Express Air,0.59,4558,1454.8,47,0
ORD-1401,Amazon Logistics,WH-Gamma (US-Central),Same-Day,0.82,2168,751.5,34,0
ORD-1402,USPS,WH-Gamma (US-Central),Express Air,0.68,2616,463.2,69,0
ORD-1403,FedEx,WH-Delta (US-South),Two-Day Air,0.87,3255,989.6,61,0
ORD-1404,Amazon Logistics,WH-Alpha (US-East),Express Air,0.56,120,1513.1,55,1
ORD-1405,UPS,WH-Gamma (US-Central),Two-Day Air,0.74,26,1974.3,30,1
ORD-1406,UPS,WH-Alpha (US-East),Two-Day Air,0.65,3474,2106.8,8,1
ORD-1407,FedEx,WH-Delta (US-South),Express Air,0.92,2986,2480.6,41,0
ORD-1408,Amazon Logistics,WH-Gamma (US-Central),Two-Day Air,0.68,1718,598.3,67,1
ORD-1409,FedEx,WH-Gamma (US-Central),Standard Ground,0.75,3652,1484.5,42,0
ORD-1410,FedEx,WH-Beta (US-West),Express Air,0.84,408,2416.7,10,0
ORD-1411,Amazon Logistics,WH-Delta (US-South),Standard Ground,0.64,3019,1900.2,20,1
ORD-1412,DHL,WH-Alpha (US-East),Two-Day Air,0.58,307,143.8,30,0
ORD-1413,USPS,WH-Gamma (US-Central),Express Air,0.89,441,2446.7,26,0
ORD-1414,Amazon Logistics,WH-Delta (US-South),Same-Day,0.55,4341,1231.0,21,0
ORD-1415,FedEx,WH-Gamma (US-Central),Express Air,0.58,2787,1945.0,25,0
ORD-1416,DHL,WH-Gamma (US-Central),Same-Day,0.76,3160,1687.7,21,0
ORD-1417,FedEx,WH-Gamma (US-Central),Two-Day Air,0.81,4975,2343.5,5,1
ORD-1418,UPS,WH-Gamma (US-Central),Standard Ground,0.58,2266,2218.4,18,0
ORD-1419,FedEx,WH-Alpha (US-East),Standard Ground,0.53,4864,920.0,65,0
ORD-1420,DHL,WH-Gamma (US-Central),Two-Day Air,0.66,225,1243.7,61,1
ORD-1421,USPS,WH-Delta (US-South),Express Air,0.73,1230,1328.5,16,0
ORD-1422,Amazon Logistics,WH-Alpha (US-East),Express Air,0.68,3444,748.2,30,0
ORD-1423,Amazon Logistics,WH-Gamma (US-Central),Standard Ground,0.93,3636,1294.0,12,1
ORD-1424,USPS,WH-Alpha (US-East),Same-Day,0.76,4775,823.9,43,0
ORD-1425,USPS,WH-Delta (US-South),Standard Ground,0.83,3602,150.0,44,0
ORD-1426,UPS,WH-Beta (US-West),Express Air,0.61,2096,760.6,40,1
ORD-1427,Amazon Logistics,WH-Beta (US-West),Standard Ground,0.82,3925,2271.0,60,1
ORD-1428,UPS,WH-Gamma (US-Central),Two-Day Air,0.67,269,2211.4,29,0
ORD-1429,FedEx,WH-Beta (US-West),Two-Day Air,0.72,2196,2238.6,67,0
ORD-1430,Amazon Logistics,WH-Alpha (US-East),Same-Day,0.68,4176,1443.2,34,0
ORD-1431,UPS,WH-Delta (US-South),Standard Ground,0.73,423,1225.1,29,0
ORD-1432,UPS,WH-Alpha (US-East),Two-Day Air,0.96,1845,286.2,33,1
ORD-1433,FedEx,WH-Delta (US-South),Two-Day Air,0.74,1274,2073.5,36,0
ORD-1434,Amazon Logistics,WH-Gamma (US-Central),Express Air,0.8,2637,1926.7,21,1
ORD-1435,Amazon Logistics,WH-Delta (US-South),Two-Day Air,0.9,4148,330.3,13,0
ORD-1436,DHL,WH-Delta (US-South),Express Air,0.65,3592,1181.7,65,0
ORD-1437,FedEx,WH-Gamma (US-Central),Express Air,0.66,3599,1314.8,69,1
ORD-1438,FedEx,WH-Gamma (US-Central),Standard Ground,0.63,1864,2330.7,35,1
ORD-1439,USPS,WH-Delta (US-South),Express Air,0.62,4916,2417.1,50,1
ORD-1440,USPS,WH-Delta (US-South),Same-Day,0.83,2035,494.4,46,0
ORD-1441,FedEx,WH-Delta (US-South),Express Air,0.83,2000,1076.3,30,0
ORD-1442,USPS,WH-Delta (US-South),Standard Ground,0.73,3827,1210.5,59,1
ORD-1443,FedEx,WH-Delta (US-South),Same-Day,0.88,1009,2477.9,46,1
ORD-1444,USPS,WH-Delta (US-South),Express Air,0.69,3809,1246.7,7,0
ORD-1445,DHL,WH-Gamma (US-Central),Two-Day Air,0.84,1704,1011.8,55,0
ORD-1446,USPS,WH-Gamma (US-Central),Standard Ground,0.98,2305,724.6,16,0
ORD-1447,UPS,WH-Gamma (US-Central),Same-Day,0.7,2945,1853.3,11,1
ORD-1448,UPS,WH-Alpha (US-East),Express Air,0.52,2990,2462.3,34,1
ORD-1449,DHL,WH-Alpha (US-East),Same-Day,0.58,2652,1457.8,66,1
ORD-1450,USPS,WH-Delta (US-South),Standard Ground,0.6,2898,686.5,60,0
ORD-1451,DHL,WH-Alpha (US-East),Express Air,0.65,994,239.9,57,0
ORD-1452,Amazon Logistics,WH-Gamma (US-Central),Same-Day,0.79,3469,1182.0,45,1
ORD-1453,DHL,WH-Alpha (US-East),Same-Day,0.7,1249,1112.9,15,1
ORD-1454,USPS,WH-Delta (US-South),Express Air,0.88,4656,1297.8,20,0
ORD-1455,Amazon Logistics,WH-Delta (US-South),Same-Day,0.99,1253,1200.3,40,1
ORD-1456,Amazon Logistics,WH-Delta (US-South),Two-Day Air,0.9,4599,1921.7,66,1
ORD-1457,Amazon Logistics,WH-Delta (US-South),Standard Ground,0.93,1202,1991.4,38,0
ORD-1458,USPS,WH-Gamma (US-Central),Standard Ground,0.9,3941,1939.9,8,0
ORD-1459,FedEx,WH-Beta (US-West),Standard Ground,0.52,635,705.1,22,0
ORD-1460,USPS,WH-Gamma (US-Central),Standard Ground,0.92,1467,951.3,41,0
ORD-1461,DHL,WH-Delta (US-South),Standard Ground,0.8,515,422.1,33,0
ORD-1462,Amazon Logistics,WH-Gamma (US-Central),Two-Day Air,0.78,163,1518.8,45,0
ORD-1463,FedEx,WH-Alpha (US-East),Standard Ground,0.65,833,1176.8,14,1
ORD-1464,UPS,WH-Gamma (US-Central),Two-Day Air,0.69,3741,2178.9,8,0
ORD-1465,USPS,WH-Delta (US-South),Standard Ground,0.76,518,594.0,55,1
ORD-1466,Amazon Logistics,WH-Beta (US-West),Express Air,0.51,1229,1867.4,47,1
ORD-1467,Amazon Logistics,WH-Delta (US-South),Standard Ground,0.77,4199,1365.7,39,1
ORD-1468,USPS,WH-Alpha (US-East),Same-Day,0.72,567,2327.4,5,0
ORD-1469,USPS,WH-Delta (US-South),Two-Day Air,0.5,3725,2158.2,16,1
ORD-1470,DHL,WH-Beta (US-West),Two-Day Air,0.72,1578,1080.9,14,0
ORD-1471,Amazon Logistics,WH-Alpha (US-East),Express Air,0.81,1511,1647.5,29,1
ORD-1472,FedEx,WH-Alpha (US-East),Same-Day,0.97,1136,1080.5,41,0
ORD-1473,UPS,WH-Delta (US-South),Two-Day Air,0.74,4208,1515.2,66,1
ORD-1474,DHL,WH-Gamma (US-Central),Express Air,0.93,770,2366.8,9,1
ORD-1475,DHL,WH-Alpha (US-East),Express Air,0.58,2640,971.5,22,0
ORD-1476,Amazon Logistics,WH-Beta (US-West),Standard Ground,0.92,3305,1752.6,57,1
ORD-1477,DHL,WH-Beta (US-West),Two-Day Air,0.84,2070,355.0,40,1
ORD-1478,USPS,WH-Delta (US-South),Same-Day,0.68,3261,349.9,26,1
ORD-1479,UPS,WH-Gamma (US-Central),Standard Ground,0.51,1859,1588.9,37,0
ORD-1480,DHL,WH-Delta (US-South),Same-Day,0.95,271,931.2,13,0
ORD-1481,FedEx,WH-Beta (US-West),Express Air,0.76,281,1124.3,62,1
ORD-1482,UPS,WH-Gamma (US-Central),Express Air,0.57,420,899.9,69,0
ORD-1483,FedEx,WH-Delta (US-South),Standard Ground,0.67,2329,524.6,8,0
ORD-1484,USPS,WH-Alpha (US-East),Same-Day,0.85,2636,1971.6,33,1
ORD-1485,Amazon Logistics,WH-Delta (US-South),Two-Day Air,0.93,2361,531.9,18,0
ORD-1486,USPS,WH-Beta (US-West),Express Air,0.66,2845,73.6,11,0
ORD-1487,USPS,WH-Alpha (US-East),Two-Day Air,0.55,1483,280.0,24,0
ORD-1488,Amazon Logistics,WH-Delta (US-South),Two-Day Air,0.69,3554,1629.6,55,0
ORD-1489,Amazon Logistics,WH-Alpha (US-East),Same-Day,0.55,1653,1508.0,71,1
ORD-1490,DHL,WH-Gamma (US-Central),Two-Day Air,0.76,2052,1045.9,28,0
ORD-1491,USPS,WH-Alpha (US-East),Two-Day Air,0.81,4015,341.9,11,0
ORD-1492,USPS,WH-Alpha (US-East),Express Air,0.75,4412,1899.9,20,0
ORD-1493,DHL,WH-Delta (US-South),Two-Day Air,0.94,1064,424.5,40,0
ORD-1494,Amazon Logistics,WH-Beta (US-West),Two-Day Air,0.79,4234,669.0,36,1
ORD-1495,DHL,WH-Alpha (US-East),Express Air,0.85,4657,1368.3,13,1
ORD-1496,FedEx,WH-Beta (US-West),Express Air,0.75,2796,1456.2,63,1
ORD-1497,UPS,WH-Alpha (US-East),Two-Day Air,0.6,4286,1785.5,67,1
ORD-1498,DHL,WH-Delta (US-South),Express Air,0.7,4732,152.1,68,0
ORD-1499,DHL,WH-Gamma (US-Central),Two-Day Air,0.98,737,620.1,51,0
ORD-1500,DHL,WH-Gamma (US-Central),Same-Day,0.78,2169,1186.3,24,1
ORD-1501,UPS,WH-Delta (US-South),Standard Ground,0.66,534,1811.1,32,0
ORD-1502,UPS,WH-Beta (US-West),Standard Ground,0.54,935,1208.5,25,0
ORD-1503,UPS,WH-Alpha (US-East),Two-Day Air,0.86,1940,2471.0,41,1
ORD-1504,FedEx,WH-Delta (US-South),Express Air,1.0,1764,1356.5,51,0
ORD-1505,DHL,WH-Delta (US-South),Standard Ground,0.62,1432,2426.8,22,0
ORD-1506,USPS,WH-Delta (US-South),Two-Day Air,0.62,1430,2389.2,53,1
ORD-1507,UPS,WH-Gamma (US-Central),Two-Day Air,0.69,760,1340.8,27,1
ORD-1508,FedEx,WH-Beta (US-West),Standard Ground,0.89,2849,1720.0,40,0
ORD-1509,DHL,WH-Delta (US-South),Two-Day Air,0.71,1138,1802.3,13,1
ORD-1510,FedEx,WH-Beta (US-West),Standard Ground,0.97,616,879.8,6,0
ORD-1511,Amazon Logistics,WH-Gamma (US-Central),Two-Day Air,0.93,3209,1476.3,68,0
ORD-1512,UPS,WH-Alpha (US-East),Same-Day,0.52,3986,1276.7,39,0
ORD-1513,UPS,WH-Gamma (US-Central),Two-Day Air,0.62,680,562.9,30,0
ORD-1514,FedEx,WH-Beta (US-West),Two-Day Air,0.83,1159,409.9,15,1
ORD-1515,USPS,WH-Alpha (US-East),Same-Day,0.69,4873,2424.9,71,1
ORD-1516,FedEx,WH-Delta (US-South),Standard Ground,0.93,4510,1318.1,28,1
ORD-1517,UPS,WH-Gamma (US-Central),Standard Ground,0.84,402,2491.3,35,0
ORD-1518,FedEx,WH-Alpha (US-East),Express Air,0.85,67,1767.9,56,0
ORD-1519,Amazon Logistics,WH-Beta (US-West),Same-Day,0.52,324,561.0,15,1
ORD-1520,DHL,WH-Gamma (US-Central),Standard Ground,0.75,3386,1061.7,25,1
ORD-1521,USPS,WH-Beta (US-West),Express Air,0.77,4603,2295.9,53,0
ORD-1522,USPS,WH-Beta (US-West),Express Air,0.99,349,1398.5,15,1
ORD-1523,DHL,WH-Gamma (US-Central),Express Air,0.91,3942,1974.7,18,0
ORD-1524,DHL,WH-Beta (US-West),Standard Ground,0.67,1289,443.7,34,1
ORD-1525,Amazon Logistics,WH-Delta (US-South),Express Air,0.93,639,2157.8,57,0
ORD-1526,Amazon Logistics,WH-Beta (US-West),Standard Ground,0.54,3318,1285.5,57,1
ORD-1527,FedEx,WH-Delta (US-South),Standard Ground,0.79,2010,1333.4,58,0
ORD-1528,DHL,WH-Beta (US-West),Express Air,0.87,3825,1685.4,38,0
ORD-1529,USPS,WH-Alpha (US-East),Standard Ground,0.75,3917,726.3,17,0
ORD-1530,FedEx,WH-Alpha (US-East),Express Air,0.85,417,452.9,6,0
ORD-1531,USPS,WH-Alpha (US-East),Standard Ground,0.9,4793,1558.6,24,1
ORD-1532,Amazon Logistics,WH-Alpha (US-East),Two-Day Air,0.85,4735,1693.3,36,0
ORD-1533,USPS,WH-Alpha (US-East),Express Air,0.78,3994,1755.5,13,1
ORD-1534,Amazon Logistics,WH-Beta (US-West),Express Air,0.93,2532,35.5,43,0
ORD-1535,USPS,WH-Delta (US-South),Express Air,0.87,2453,2405.2,30,0
ORD-1536,UPS,WH-Gamma (US-Central),Standard Ground,0.7,3438,2200.1,40,1
ORD-1537,Amazon Logistics,WH-Beta (US-West),Same-Day,0.84,2160,602.3,70,0
ORD-1538,UPS,WH-Alpha (US-East),Express Air,0.78,4678,534.2,62,0
ORD-1539,DHL,WH-Alpha (US-East),Express Air,0.86,2954,707.5,48,0
ORD-1540,USPS,WH-Delta (US-South),Two-Day Air,0.56,3058,435.4,11,1
ORD-1541,USPS,WH-Alpha (US-East),Standard Ground,0.57,3341,1913.1,57,1
ORD-1542,FedEx,WH-Alpha (US-East),Express Air,0.98,2966,2393.5,41,0
ORD-1543,UPS,WH-Beta (US-West),Express Air,0.66,181,1854.6,23,0
ORD-1544,DHL,WH-Gamma (US-Central),Express Air,0.76,4471,1277.3,35,1
ORD-1545,UPS,WH-Alpha (US-East),Same-Day,0.73,2502,1285.1,60,0
ORD-1546,USPS,WH-Gamma (US-Central),Two-Day Air,0.68,3563,2121.4,34,0
ORD-1547,FedEx,WH-Beta (US-West),Same-Day,0.54,1505,2272.7,14,1
ORD-1548,USPS,WH-Alpha (US-East),Express Air,0.58,835,1213.9,44,1
ORD-1549,FedEx,WH-Delta (US-South),Same-Day,0.95,3024,1340.5,11,0
ORD-1550,DHL,WH-Alpha (US-East),Two-Day Air,0.56,4816,1459.6,39,1
ORD-1551,FedEx,WH-Delta (US-South),Standard Ground,0.6,939,1222.2,42,1
ORD-1552,Amazon Logistics,WH-Gamma (US-Central),Express Air,0.86,4141,2375.0,9,1
ORD-1553,UPS,WH-Gamma (US-Central),Express Air,0.8,311,1600.6,22,0
ORD-1554,USPS,WH-Alpha (US-East),Same-Day,0.97,1431,1863.2,69,0
ORD-1555,USPS,WH-Delta (US-South),Express Air,0.73,968,2274.8,29,1
ORD-1556,UPS,WH-Gamma (US-Central),Two-Day Air,0.61,69,2036.3,26,1
ORD-1557,UPS,WH-Gamma (US-Central),Express Air,0.52,4651,955.4,40,0
ORD-1558,USPS,WH-Gamma (US-Central),Same-Day,0.97,4488,2358.9,54,1
ORD-1559,Amazon Logistics,WH-Gamma (US-Central),Two-Day Air,0.83,3840,2404.4,62,1
ORD-1560,USPS,WH-Gamma (US-Central),Standard Ground,0.79,3587,794.9,38,0
ORD-1561,USPS,WH-Delta (US-South),Express Air,0.52,1361,140.8,20,0
ORD-1562,FedEx,WH-Delta (US-South),Express Air,0.85,332,1527.8,55,0
ORD-1563,USPS,WH-Beta (US-West),Same-Day,0.72,1168,759.9,52,0
ORD-1564,UPS,WH-Alpha (US-East),Two-Day Air,0.54,43,2246.8,43,1
ORD-1565,Amazon Logistics,WH-Delta (US-South),Two-Day Air,0.7,51,1475.6,11,0
ORD-1566,USPS,WH-Beta (US-West),Same-Day,0.88,549,176.1,26,0
ORD-1567,UPS,WH-Beta (US-West),Two-Day Air,0.95,754,1434.9,5,0
ORD-1568,DHL,WH-Beta (US-West),Two-Day Air,0.67,1118,882.4,25,0
ORD-1569,UPS,WH-Beta (US-West),Express Air,0.89,1067,2217.9,10,1
ORD-1570,UPS,WH-Delta (US-South),Express Air,0.7,433,92.4,13,1
ORD-1571,USPS,WH-Beta (US-West),Standard Ground,0.67,2631,921.9,67,1
ORD-1572,UPS,WH-Alpha (US-East),Two-Day Air,0.59,4670,133.7,4,0
ORD-1573,FedEx,WH-Alpha (US-East),Standard Ground,0.98,3825,288.8,33,0
ORD-1574,Amazon Logistics,WH-Gamma (US-Central),Same-Day,0.52,3692,1964.5,20,0
ORD-1575,UPS,WH-Gamma (US-Central),Standard Ground,0.94,1434,1271.3,6,0
ORD-1576,Amazon Logistics,WH-Gamma (US-Central),Two-Day Air,0.89,3092,2035.3,18,1
ORD-1577,FedEx,WH-Gamma (US-Central),Two-Day Air,0.91,296,1635.7,58,0
ORD-1578,DHL,WH-Delta (US-South),Express Air,0.6,662,2246.4,12,0
ORD-1579,USPS,WH-Beta (US-West),Same-Day,0.75,3620,443.0,49,0
ORD-1580,UPS,WH-Gamma (US-Central),Express Air,0.73,4682,945.9,8,0
ORD-1581,Amazon Logistics,WH-Delta (US-South),Express Air,0.61,1811,1484.7,17,1
ORD-1582,Amazon Logistics,WH-Alpha (US-East),Two-Day Air,0.87,2456,1640.7,12,0
ORD-1583,DHL,WH-Delta (US-South),Two-Day Air,0.56,2889,54.4,55,0
ORD-1584,DHL,WH-Delta (US-South),Same-Day,0.68,4839,2321.2,26,1
ORD-1585,USPS,WH-Alpha (US-East),Same-Day,0.83,4835,2444.7,49,1
ORD-1586,UPS,WH-Beta (US-West),Express Air,0.8,1900,228.9,26,0
ORD-1587,FedEx,WH-Beta (US-West),Two-Day Air,0.83,534,111.9,70,0
ORD-1588,USPS,WH-Delta (US-South),Standard Ground,0.7,3434,1627.5,54,0
ORD-1589,FedEx,WH-Gamma (US-Central),Two-Day Air,0.61,1890,1410.5,65,1
ORD-1590,USPS,WH-Gamma (US-Central),Same-Day,0.8,408,1357.1,16,0
ORD-1591,Amazon Logistics,WH-Beta (US-West),Same-Day,0.66,995,2442.6,32,1
ORD-1592,FedEx,WH-Beta (US-West),Standard Ground,0.64,2761,1542.8,47,1
ORD-1593,FedEx,WH-Delta (US-South),Standard Ground,0.75,4143,973.6,31,1
ORD-1594,FedEx,WH-Beta (US-West),Express Air,0.62,80,136.6,14,0
ORD-1595,Amazon Logistics,WH-Beta (US-West),Standard Ground,0.71,4138,797.4,17,0
ORD-1596,DHL,WH-Gamma (US-Central),Same-Day,0.76,1156,850.6,51,1
ORD-1597,UPS,WH-Gamma (US-Central),Two-Day Air,0.64,1009,1865.4,33,0
ORD-1598,UPS,WH-Delta (US-South),Standard Ground,0.72,2445,1458.9,60,0
ORD-1599,UPS,WH-Alpha (US-East),Standard Ground,0.8,4654,2335.2,57,1
ORD-1600,UPS,WH-Alpha (US-East),Same-Day,0.7,4999,1946.3,6,1
ORD-1601,UPS,WH-Delta (US-South),Standard Ground,0.73,3680,2320.3,59,1
ORD-1602,USPS,WH-Alpha (US-East),Express Air,0.66,4980,2393.7,64,1
ORD-1603,DHL,WH-Delta (US-South),Express Air,0.59,4905,1887.3,58,1
ORD-1604,DHL,WH-Gamma (US-Central),Standard Ground,0.89,2140,1745.4,6,0
ORD-1605,Amazon Logistics,WH-Gamma (US-Central),Same-Day,0.99,2213,1771.3,61,0
ORD-1606,Amazon Logistics,WH-Gamma (US-Central),Same-Day,0.59,2064,658.8,4,1
ORD-1607,FedEx,WH-Delta (US-South),Two-Day Air,0.86,1643,2319.4,34,0
ORD-1608,USPS,WH-Delta (US-South),Standard Ground,0.66,3112,276.6,59,0
ORD-1609,FedEx,WH-Beta (US-West),Standard Ground,0.83,3969,451.8,19,0
ORD-1610,DHL,WH-Delta (US-South),Same-Day,0.72,2105,1672.0,23,1
ORD-1611,USPS,WH-Gamma (US-Central),Same-Day,0.86,3020,1084.4,16,0
ORD-1612,UPS,WH-Delta (US-South),Two-Day Air,0.65,2505,421.3,32,0
ORD-1613,UPS,WH-Alpha (US-East),Same-Day,0.84,779,318.0,6,0
ORD-1614,DHL,WH-Gamma (US-Central),Standard Ground,0.94,1497,2283.2,70,1
ORD-1615,USPS,WH-Alpha (US-East),Same-Day,0.82,3232,2255.0,5,0
ORD-1616,Amazon Logistics,WH-Gamma (US-Central),Two-Day Air,0.66,180,1541.1,45,0
ORD-1617,Amazon Logistics,WH-Beta (US-West),Standard Ground,0.5,2840,2321.1,14,0
ORD-1618,USPS,WH-Delta (US-South),Two-Day Air,0.98,3871,1090.9,47,1
ORD-1619,DHL,WH-Beta (US-West),Express Air,0.93,2536,1372.8,6,1
ORD-1620,FedEx,WH-Beta (US-West),Standard Ground,0.89,1465,1619.1,57,0
ORD-1621,UPS,WH-Alpha (US-East),Express Air,0.85,327,185.8,35,0
ORD-1622,Amazon Logistics,WH-Beta (US-West),Express Air,0.81,4432,2312.6,67,0
ORD-1623,USPS,WH-Gamma (US-Central),Express Air,0.6,4115,72.4,25,0
ORD-1624,Amazon Logistics,WH-Alpha (US-East),Express Air,0.88,2246,1457.6,16,0
ORD-1625,DHL,WH-Gamma (US-Central),Standard Ground,0.88,2449,1461.6,52,1
ORD-1626,Amazon Logistics,WH-Gamma (US-Central),Express Air,0.76,849,1871.0,4,0
ORD-1627,USPS,WH-Gamma (US-Central),Two-Day Air,0.66,3911,1469.0,29,1
ORD-1628,FedEx,WH-Alpha (US-East),Two-Day Air,0.95,449,33.0,49,0
ORD-1629,UPS,WH-Gamma (US-Central),Same-Day,0.91,241,2096.8,32,1
ORD-1630,USPS,WH-Beta (US-West),Two-Day Air,0.77,4925,2467.1,21,1
ORD-1631,UPS,WH-Gamma (US-Central),Express Air,0.83,1437,346.9,23,0
ORD-1632,DHL,WH-Alpha (US-East),Standard Ground,0.83,4088,1046.3,10,1
ORD-1633,USPS,WH-Gamma (US-Central),Express Air,0.64,639,2258.0,47,1
ORD-1634,FedEx,WH-Gamma (US-Central),Express Air,0.64,3142,2217.6,17,0
ORD-1635,USPS,WH-Delta (US-South),Two-Day Air,0.66,1118,202.8,54,0
ORD-1636,UPS,WH-Gamma (US-Central),Standard Ground,0.96,3055,1351.4,29,0
ORD-1637,UPS,WH-Alpha (US-East),Express Air,0.91,200,1873.4,21,0
ORD-1638,USPS,WH-Delta (US-South),Express Air,0.78,4591,1241.4,60,1
ORD-1639,Amazon Logistics,WH-Alpha (US-East),Same-Day,0.79,3900,1558.4,30,0
ORD-1640,Amazon Logistics,WH-Beta (US-West),Two-Day Air,0.5,1383,1662.8,67,0
ORD-1641,DHL,WH-Delta (US-South),Two-Day Air,0.9,2536,1155.8,11,0
ORD-1642,USPS,WH-Gamma (US-Central),Standard Ground,0.53,1778,2302.4,54,1
ORD-1643,FedEx,WH-Delta (US-South),Two-Day Air,0.7,4615,1978.2,67,1
ORD-1644,Amazon Logistics,WH-Delta (US-South),Same-Day,0.8,4004,170.2,52,1
ORD-1645,DHL,WH-Alpha (US-East),Two-Day Air,0.63,4508,1197.0,58,0
ORD-1646,FedEx,WH-Gamma (US-Central),Standard Ground,0.61,2391,2384.1,10,1
ORD-1647,USPS,WH-Beta (US-West),Standard Ground,0.74,2012,595.6,26,0
ORD-1648,USPS,WH-Beta (US-West),Express Air,0.63,745,1080.7,5,0
ORD-1649,UPS,WH-Delta (US-South),Same-Day,0.91,4548,1852.5,61,0
ORD-1650,Amazon Logistics,WH-Alpha (US-East),Two-Day Air,0.51,2478,2198.4,7,0
ORD-1651,UPS,WH-Beta (US-West),Express Air,0.54,923,1199.1,61,0
ORD-1652,USPS,WH-Delta (US-South),Two-Day Air,0.53,524,148.2,47,0
ORD-1653,UPS,WH-Alpha (US-East),Express Air,0.83,1120,1033.6,42,1
ORD-1654,UPS,WH-Gamma (US-Central),Same-Day,0.87,410,1599.3,10,0
ORD-1655,FedEx,WH-Gamma (US-Central),Same-Day,0.93,1618,2218.6,12,0
ORD-1656,UPS,WH-Gamma (US-Central),Express Air,0.83,4034,692.1,69,1
ORD-1657,DHL,WH-Gamma (US-Central),Two-Day Air,0.81,3460,980.2,38,1
ORD-1658,UPS,WH-Alpha (US-East),Standard Ground,0.92,4049,1459.4,59,0
ORD-1659,Amazon Logistics,WH-Beta (US-West),Express Air,0.77,1507,375.4,58,1
ORD-1660,FedEx,WH-Beta (US-West),Express Air,0.89,1477,382.7,14,1
ORD-1661,DHL,WH-Beta (US-West),Standard Ground,0.89,599,1109.2,55,1
ORD-1662,FedEx,WH-Beta (US-West),Same-Day,0.74,961,540.3,63,1
ORD-1663,USPS,WH-Alpha (US-East),Express Air,0.99,228,647.0,54,0
ORD-1664,FedEx,WH-Delta (US-South),Standard Ground,0.75,266,31.5,61,0
ORD-1665,Amazon Logistics,WH-Gamma (US-Central),Two-Day Air,0.55,4422,1818.5,44,0
ORD-1666,DHL,WH-Delta (US-South),Two-Day Air,0.66,3240,728.0,23,0
ORD-1667,USPS,WH-Gamma (US-Central),Two-Day Air,0.84,928,1805.4,31,0
ORD-1668,UPS,WH-Alpha (US-East),Same-Day,0.9,3221,984.6,69,1
ORD-1669,USPS,WH-Beta (US-West),Same-Day,0.58,3204,1319.0,32,0
ORD-1670,UPS,WH-Gamma (US-Central),Express Air,0.94,4156,313.9,30,0
ORD-1671,USPS,WH-Beta (US-West),Same-Day,0.79,2214,1958.1,39,0
ORD-1672,DHL,WH-Delta (US-South),Same-Day,0.83,3871,1795.7,9,0
ORD-1673,USPS,WH-Beta (US-West),Same-Day,0.65,3825,166.6,66,0
ORD-1674,FedEx,WH-Alpha (US-East),Express Air,0.94,4929,2017.0,29,1
ORD-1675,USPS,WH-Gamma (US-Central),Same-Day,0.51,2144,565.4,18,0
ORD-1676,FedEx,WH-Delta (US-South),Same-Day,0.72,1586,1745.5,68,0
ORD-1677,Amazon Logistics,WH-Alpha (US-East),Same-Day,0.8,4992,655.7,60,0
ORD-1678,FedEx,WH-Gamma (US-Central),Same-Day,0.64,4452,1832.0,20,1
ORD-1679,UPS,WH-Gamma (US-Central),Two-Day Air,0.65,1320,123.1,66,1
ORD-1680,USPS,WH-Gamma (US-Central),Same-Day,0.58,450,2250.1,67,0
ORD-1681,UPS,WH-Beta (US-West),Standard Ground,0.86,2550,2416.7,59,0
ORD-1682,Amazon Logistics,WH-Gamma (US-Central),Express Air,0.99,1225,186.7,19,0
ORD-1683,Amazon Logistics,WH-Gamma (US-Central),Two-Day Air,0.67,4690,1922.3,67,1
ORD-1684,DHL,WH-Delta (US-South),Express Air,0.79,2129,537.8,60,0
ORD-1685,FedEx,WH-Beta (US-West),Two-Day Air,0.98,940,1267.2,28,0
ORD-1686,Amazon Logistics,WH-Gamma (US-Central),Standard Ground,0.59,964,2239.8,26,0
ORD-1687,DHL,WH-Delta (US-South),Two-Day Air,0.99,747,1467.4,9,1
ORD-1688,Amazon Logistics,WH-Alpha (US-East),Standard Ground,0.9,2510,1747.8,28,0
ORD-1689,USPS,WH-Beta (US-West),Standard Ground,0.6,1793,2467.0,34,1
ORD-1690,Amazon Logistics,WH-Delta (US-South),Standard Ground,0.78,2103,746.7,17,0
ORD-1691,Amazon Logistics,WH-Beta (US-West),Standard Ground,0.65,2037,1606.3,17,0
ORD-1692,FedEx,WH-Delta (US-South),Same-Day,0.59,203,1302.9,25,0
ORD-1693,Amazon Logistics,WH-Beta (US-West),Same-Day,0.56,390,2479.8,48,1
ORD-1694,USPS,WH-Gamma (US-Central),Two-Day Air,0.68,4292,1394.2,4,1
ORD-1695,DHL,WH-Beta (US-West),Express Air,0.59,1267,370.6,62,0
ORD-1696,UPS,WH-Beta (US-West),Standard Ground,0.97,544,2429.9,32,0
ORD-1697,DHL,WH-Beta (US-West),Express Air,0.9,2412,2031.8,61,1
ORD-1698,UPS,WH-Beta (US-West),Two-Day Air,0.62,4985,2452.7,47,1
ORD-1699,FedEx,WH-Beta (US-West),Express Air,0.7,279,249.4,61,0
ORD-1700,Amazon Logistics,WH-Delta (US-South),Express Air,0.84,4738,299.0,42,1
ORD-1701,USPS,WH-Gamma (US-Central),Same-Day,0.75,4716,1335.8,14,0
ORD-1702,FedEx,WH-Beta (US-West),Same-Day,0.71,4255,920.9,44,1
ORD-1703,USPS,WH-Gamma (US-Central),Two-Day Air,0.67,3125,1986.3,16,1
ORD-1704,Amazon Logistics,WH-Beta (US-West),Same-Day,0.59,979,633.2,14,0
ORD-1705,FedEx,WH-Beta (US-West),Express Air,0.96,1831,544.6,69,0
ORD-1706,Amazon Logistics,WH-Alpha (US-East),Express Air,0.56,309,1881.8,25,0
ORD-1707,Amazon Logistics,WH-Delta (US-South),Express Air,0.56,4744,22.7,60,0
ORD-1708,UPS,WH-Alpha (US-East),Express Air,0.71,3794,2319.8,32,0
ORD-1709,USPS,WH-Delta (US-South),Two-Day Air,0.81,4637,701.7,69,0
ORD-1710,DHL,WH-Gamma (US-Central),Two-Day Air,0.68,4066,2351.9,44,1
ORD-1711,FedEx,WH-Delta (US-South),Same-Day,0.73,427,1834.6,21,1
ORD-1712,Amazon Logistics,WH-Beta (US-West),Standard Ground,0.54,752,1143.7,67,1
ORD-1713,Amazon Logistics,WH-Gamma (US-Central),Express Air,0.57,73,1417.5,54,0
ORD-1714,Amazon Logistics,WH-Beta (US-West),Two-Day Air,0.63,4985,2054.2,61,1
ORD-1715,UPS,WH-Gamma (US-Central),Standard Ground,0.67,1271,978.6,68,1
ORD-1716,USPS,WH-Alpha (US-East),Same-Day,0.95,3622,993.9,32,0
ORD-1717,USPS,WH-Delta (US-South),Two-Day Air,0.75,2369,523.2,67,1
ORD-1718,Amazon Logistics,WH-Beta (US-West),Standard Ground,0.73,3263,941.8,44,1
ORD-1719,FedEx,WH-Gamma (US-Central),Standard Ground,0.94,1676,1370.4,53,0
ORD-1720,USPS,WH-Beta (US-West),Same-Day,0.78,277,2313.3,26,0
ORD-1721,Amazon Logistics,WH-Beta (US-West),Express Air,0.87,4411,2260.6,6,1
ORD-1722,Amazon Logistics,WH-Gamma (US-Central),Express Air,0.74,3945,1108.5,58,1
ORD-1723,Amazon Logistics,WH-Alpha (US-East),Standard Ground,0.75,3808,1535.9,50,0
ORD-1724,DHL,WH-Gamma (US-Central),Express Air,0.78,4025,301.1,25,0
ORD-1725,USPS,WH-Delta (US-South),Standard Ground,0.74,3704,1594.7,36,1
ORD-1726,FedEx,WH-Gamma (US-Central),Same-Day,0.61,751,2401.2,57,0
ORD-1727,Amazon Logistics,WH-Beta (US-West),Standard Ground,0.9,1022,908.0,68,0
ORD-1728,USPS,WH-Alpha (US-East),Standard Ground,0.83,518,495.2,59,1
ORD-1729,UPS,WH-Alpha (US-East),Same-Day,0.88,686,39.4,46,0
ORD-1730,DHL,WH-Delta (US-South),Express Air,0.89,3112,27.7,27,0
ORD-1731,USPS,WH-Gamma (US-Central),Standard Ground,0.65,2521,1225.1,48,0
ORD-1732,UPS,WH-Delta (US-South),Standard Ground,0.97,851,105.9,60,0
ORD-1733,UPS,WH-Beta (US-West),Express Air,0.51,3552,777.1,65,0
ORD-1734,USPS,WH-Gamma (US-Central),Standard Ground,0.76,507,2226.6,68,0
ORD-1735,UPS,WH-Gamma (US-Central),Same-Day,0.55,4079,2259.9,42,1
ORD-1736,USPS,WH-Delta (US-South),Two-Day Air,0.56,1631,1958.5,33,0
ORD-1737,DHL,WH-Alpha (US-East),Standard Ground,0.84,2846,34.3,62,0
ORD-1738,Amazon Logistics,WH-Alpha (US-East),Same-Day,0.73,1800,2056.1,53,1
ORD-1739,UPS,WH-Beta (US-West),Standard Ground,0.53,999,1746.8,11,1
ORD-1740,DHL,WH-Delta (US-South),Express Air,0.62,4378,2079.8,36,1
ORD-1741,DHL,WH-Gamma (US-Central),Two-Day Air,0.67,1938,312.4,9,0
ORD-1742,FedEx,WH-Delta (US-South),Express Air,0.54,1083,1330.6,6,0
ORD-1743,FedEx,WH-Delta (US-South),Express Air,0.99,565,1125.5,64,0
ORD-1744,FedEx,WH-Delta (US-South),Standard Ground,0.71,3728,1383.6,31,0
ORD-1745,UPS,WH-Delta (US-South),Standard Ground,0.61,88,1322.2,60,0
ORD-1746,UPS,WH-Beta (US-West),Standard Ground,0.8,1480,1463.7,11,0
ORD-1747,USPS,WH-Gamma (US-Central),Two-Day Air,0.59,2870,2120.9,12,0
ORD-1748,Amazon Logistics,WH-Alpha (US-East),Express Air,0.66,4820,510.7,51,1
ORD-1749,USPS,WH-Delta (US-South),Express Air,0.92,4936,814.8,40,1
ORD-1750,Amazon Logistics,WH-Delta (US-South),Same-Day,0.7,1728,1184.3,61,1
ORD-1751,FedEx,WH-Alpha (US-East),Two-Day Air,0.76,2550,1652.4,27,1
ORD-1752,USPS,WH-Gamma (US-Central),Two-Day Air,0.86,1110,2293.3,5,1
ORD-1753,FedEx,WH-Gamma (US-Central),Two-Day Air,0.6,3286,835.0,16,1
ORD-1754,DHL,WH-Delta (US-South),Express Air,0.67,2343,1300.3,36,0
ORD-1755,USPS,WH-Gamma (US-Central),Standard Ground,0.93,4051,86.0,37,0
ORD-1756,UPS,WH-Delta (US-South),Same-Day,0.9,1286,1977.5,4,1
ORD-1757,UPS,WH-Delta (US-South),Two-Day Air,0.88,1605,1001.5,30,0
ORD-1758,UPS,WH-Delta (US-South),Two-Day Air,0.65,1892,370.5,10,0
ORD-1759,FedEx,WH-Alpha (US-East),Same-Day,0.75,1842,2114.3,39,0
ORD-1760,UPS,WH-Gamma (US-Central),Express Air,0.69,4753,2176.0,37,0
ORD-1761,FedEx,WH-Alpha (US-East),Express Air,0.79,4121,2069.5,48,1
ORD-1762,UPS,WH-Beta (US-West),Express Air,0.81,3743,26.2,61,1
ORD-1763,Amazon Logistics,WH-Delta (US-South),Standard Ground,0.58,897,315.6,20,0
ORD-1764,USPS,WH-Delta (US-South),Same-Day,0.94,3786,1657.1,31,0
ORD-1765,Amazon Logistics,WH-Beta (US-West),Standard Ground,0.88,1034,1276.4,35,0
ORD-1766,USPS,WH-Delta (US-South),Express Air,0.95,4505,2220.6,58,0
ORD-1767,FedEx,WH-Alpha (US-East),Two-Day Air,0.51,3163,1238.9,40,0
ORD-1768,FedEx,WH-Gamma (US-Central),Same-Day,0.86,1096,1620.4,63,0
ORD-1769,DHL,WH-Delta (US-South),Express Air,0.98,303,1861.7,7,0
ORD-1770,UPS,WH-Beta (US-West),Standard Ground,0.94,2358,34.2,45,0
ORD-1771,Amazon Logistics,WH-Alpha (US-East),Standard Ground,0.51,2670,367.1,57,0
ORD-1772,USPS,WH-Delta (US-South),Two-Day Air,0.96,4285,857.2,21,0
ORD-1773,Amazon Logistics,WH-Delta (US-South),Same-Day,0.82,1101,2092.7,43,0
ORD-1774,USPS,WH-Beta (US-West),Express Air,0.67,3690,2081.2,17,0
ORD-1775,USPS,WH-Delta (US-South),Two-Day Air,0.65,4118,2250.7,15,0
ORD-1776,USPS,WH-Beta (US-West),Standard Ground,0.65,3145,1684.7,6,1
ORD-1777,USPS,WH-Alpha (US-East),Same-Day,0.91,3228,1464.4,60,1
ORD-1778,FedEx,WH-Beta (US-West),Same-Day,0.95,1920,468.8,40,1
ORD-1779,FedEx,WH-Beta (US-West),Standard Ground,0.76,812,1570.5,35,0
ORD-1780,FedEx,WH-Alpha (US-East),Express Air,0.92,2089,2382.3,37,0
ORD-1781,UPS,WH-Beta (US-West),Same-Day,0.64,1452,1595.8,38,1
ORD-1782,UPS,WH-Delta (US-South),Two-Day Air,0.83,3013,1513.5,20,0
ORD-1783,DHL,WH-Gamma (US-Central),Two-Day Air,0.8,251,1603.0,12,1
ORD-1784,UPS,WH-Gamma (US-Central),Two-Day Air,0.66,3034,1471.0,41,1
ORD-1785,DHL,WH-Alpha (US-East),Standard Ground,0.67,1426,951.0,27,0
ORD-1786,Amazon Logistics,WH-Gamma (US-Central),Two-Day Air,0.92,3089,1980.8,53,0
ORD-1787,Amazon Logistics,WH-Delta (US-South),Express Air,0.96,2684,1498.1,6,0
ORD-1788,Amazon Logistics,WH-Gamma (US-Central),Standard Ground,0.79,1288,750.0,8,0
ORD-1789,Amazon Logistics,WH-Gamma (US-Central),Two-Day Air,0.64,420,621.8,44,0
ORD-1790,USPS,WH-Delta (US-South),Same-Day,0.92,3266,267.1,59,0
ORD-1791,UPS,WH-Delta (US-South),Two-Day Air,0.88,4220,1992.6,48,0
ORD-1792,DHL,WH-Delta (US-South),Same-Day,0.56,3983,46.9,27,0
ORD-1793,USPS,WH-Alpha (US-East),Express Air,0.77,4049,1198.0,21,1
ORD-1794,FedEx,WH-Delta (US-South),Standard Ground,0.9,4956,1831.9,45,1
ORD-1795,USPS,WH-Beta (US-West),Two-Day Air,0.56,4759,2031.7,57,1
ORD-1796,Amazon Logistics,WH-Beta (US-West),Two-Day Air,0.95,2761,435.7,35,0
ORD-1797,USPS,WH-Beta (US-West),Two-Day Air,0.83,14,1831.0,44,1
ORD-1798,Amazon Logistics,WH-Gamma (US-Central),Standard Ground,0.7,3304,2293.8,20,0
ORD-1799,Amazon Logistics,WH-Gamma (US-Central),Two-Day Air,0.82,1085,1045.0,50,1
ORD-1800,UPS,WH-Alpha (US-East),Express Air,0.72,2034,506.8,44,0
ORD-1801,Amazon Logistics,WH-Beta (US-West),Two-Day Air,0.85,4510,2408.5,63,0
ORD-1802,FedEx,WH-Gamma (US-Central),Express Air,0.88,2420,2381.0,54,1
ORD-1803,DHL,WH-Alpha (US-East),Standard Ground,0.68,2054,2366.5,8,1
ORD-1804,Amazon Logistics,WH-Gamma (US-Central),Same-Day,0.6,1439,118.1,49,1
ORD-1805,DHL,WH-Delta (US-South),Express Air,0.52,987,614.1,48,1
ORD-1806,USPS,WH-Delta (US-South),Express Air,0.88,3786,2107.5,18,0
ORD-1807,FedEx,WH-Gamma (US-Central),Two-Day Air,0.66,1286,440.0,21,1
ORD-1808,USPS,WH-Beta (US-West),Express Air,0.78,3168,1641.6,66,0
ORD-1809,USPS,WH-Alpha (US-East),Express Air,0.86,364,1133.6,58,1
ORD-1810,UPS,WH-Alpha (US-East),Two-Day Air,0.58,3027,1025.0,25,0
ORD-1811,USPS,WH-Beta (US-West),Standard Ground,0.82,614,2426.0,53,1
ORD-1812,FedEx,WH-Gamma (US-Central),Two-Day Air,0.66,2255,1681.8,26,0
ORD-1813,UPS,WH-Alpha (US-East),Two-Day Air,0.68,991,995.9,58,0
ORD-1814,FedEx,WH-Alpha (US-East),Same-Day,0.71,1995,2448.2,64,0
ORD-1815,DHL,WH-Delta (US-South),Two-Day Air,0.77,1015,570.4,59,1
ORD-1816,DHL,WH-Gamma (US-Central),Two-Day Air,0.97,2909,1442.0,9,0
ORD-1817,DHL,WH-Beta (US-West),Standard Ground,0.72,1058,1903.0,27,0
ORD-1818,FedEx,WH-Alpha (US-East),Same-Day,0.84,1561,790.8,24,0
ORD-1819,FedEx,WH-Delta (US-South),Two-Day Air,0.68,2193,893.5,61,0
ORD-1820,DHL,WH-Beta (US-West),Two-Day Air,0.76,2051,555.8,11,0
ORD-1821,FedEx,WH-Alpha (US-East),Express Air,0.9,4245,1265.8,23,0
ORD-1822,DHL,WH-Delta (US-South),Standard Ground,0.94,3978,1311.7,44,0
ORD-1823,DHL,WH-Gamma (US-Central),Two-Day Air,0.76,2482,610.9,10,0
ORD-1824,DHL,WH-Delta (US-South),Express Air,0.88,888,2482.0,16,1
ORD-1825,FedEx,WH-Alpha (US-East),Same-Day,0.61,3689,495.5,27,0
ORD-1826,UPS,WH-Alpha (US-East),Standard Ground,0.58,3395,237.8,29,0
ORD-1827,FedEx,WH-Delta (US-South),Same-Day,0.92,1656,2006.3,59,0
ORD-1828,UPS,WH-Alpha (US-East),Two-Day Air,0.67,1032,493.5,8,1
ORD-1829,DHL,WH-Alpha (US-East),Same-Day,0.59,1576,1418.5,38,0
ORD-1830,DHL,WH-Delta (US-South),Two-Day Air,0.75,1732,44.0,4,0
ORD-1831,UPS,WH-Gamma (US-Central),Same-Day,0.69,1794,2322.3,53,1
ORD-1832,FedEx,WH-Beta (US-West),Standard Ground,0.88,326,1329.5,23,0
ORD-1833,FedEx,WH-Gamma (US-Central),Express Air,0.65,1142,1641.3,58,0
ORD-1834,DHL,WH-Gamma (US-Central),Same-Day,0.89,530,1602.9,54,0
ORD-1835,USPS,WH-Beta (US-West),Two-Day Air,0.6,163,111.5,46,1
ORD-1836,USPS,WH-Alpha (US-East),Same-Day,0.71,4047,1628.1,49,0
ORD-1837,UPS,WH-Beta (US-West),Same-Day,0.79,3560,793.7,24,0
ORD-1838,Amazon Logistics,WH-Gamma (US-Central),Same-Day,0.83,4051,288.5,37,0
ORD-1839,USPS,WH-Gamma (US-Central),Standard Ground,0.55,2164,2346.3,50,1
ORD-1840,FedEx,WH-Delta (US-South),Same-Day,0.86,2345,2178.5,7,0
ORD-1841,UPS,WH-Alpha (US-East),Same-Day,0.54,3379,309.2,42,0
ORD-1842,FedEx,WH-Beta (US-West),Standard Ground,0.6,2121,2245.1,48,0
ORD-1843,UPS,WH-Gamma (US-Central),Standard Ground,1.0,2782,1531.4,38,0
ORD-1844,USPS,WH-Gamma (US-Central),Express Air,0.98,1212,107.9,26,1
ORD-1845,USPS,WH-Gamma (US-Central),Two-Day Air,0.89,2299,1986.2,24,0
ORD-1846,UPS,WH-Gamma (US-Central),Two-Day Air,0.88,1636,995.5,16,0
ORD-1847,Amazon Logistics,WH-Delta (US-South),Same-Day,0.63,2943,1760.0,24,0
ORD-1848,USPS,WH-Gamma (US-Central),Same-Day,0.95,32,660.6,18,0
ORD-1849,DHL,WH-Beta (US-West),Same-Day,0.81,2501,1020.9,52,0
ORD-1850,UPS,WH-Gamma (US-Central),Same-Day,0.63,3966,1545.5,50,0
ORD-1851,FedEx,WH-Beta (US-West),Express Air,0.55,3878,22.3,58,0
ORD-1852,USPS,WH-Beta (US-West),Standard Ground,0.94,1416,851.4,24,1
ORD-1853,DHL,WH-Beta (US-West),Same-Day,0.69,2423,367.2,58,1
ORD-1854,UPS,WH-Delta (US-South),Express Air,0.73,2960,1379.1,60,1
ORD-1855,Amazon Logistics,WH-Beta (US-West),Standard Ground,0.74,3008,2051.9,65,1
ORD-1856,DHL,WH-Beta (US-West),Standard Ground,0.73,3782,1830.2,49,0
ORD-1857,FedEx,WH-Alpha (US-East),Same-Day,0.96,129,960.4,8,1
ORD-1858,USPS,WH-Beta (US-West),Standard Ground,0.56,2247,608.5,31,0
ORD-1859,Amazon Logistics,WH-Beta (US-West),Same-Day,0.87,839,545.6,41,1
ORD-1860,FedEx,WH-Delta (US-South),Express Air,0.8,4729,976.1,46,0
ORD-1861,DHL,WH-Alpha (US-East),Express Air,0.79,3578,962.6,39,0
ORD-1862,FedEx,WH-Beta (US-West),Two-Day Air,0.63,3102,1310.6,7,1
ORD-1863,Amazon Logistics,WH-Alpha (US-East),Two-Day Air,0.62,4804,1782.2,40,0
ORD-1864,FedEx,WH-Delta (US-South),Same-Day,0.88,3053,381.8,4,0
ORD-1865,Amazon Logistics,WH-Gamma (US-Central),Two-Day Air,0.73,3439,337.9,64,0
ORD-1866,UPS,WH-Gamma (US-Central),Standard Ground,0.56,4100,1233.2,55,1
ORD-1867,UPS,WH-Alpha (US-East),Two-Day Air,0.74,2865,1729.5,48,0
ORD-1868,DHL,WH-Beta (US-West),Two-Day Air,0.88,69,1555.4,65,0
ORD-1869,USPS,WH-Alpha (US-East),Same-Day,0.87,1653,594.8,42,0
ORD-1870,DHL,WH-Gamma (US-Central),Standard Ground,0.73,3874,1901.6,10,0
ORD-1871,USPS,WH-Delta (US-South),Standard Ground,0.96,1409,1747.8,43,0
ORD-1872,Amazon Logistics,WH-Gamma (US-Central),Standard Ground,0.85,249,1900.5,51,1
ORD-1873,DHL,WH-Delta (US-South),Same-Day,0.56,4620,1762.3,28,0
ORD-1874,USPS,WH-Delta (US-South),Express Air,0.73,127,2159.7,15,1
ORD-1875,USPS,WH-Gamma (US-Central),Standard Ground,0.8,3341,2122.6,49,0
ORD-1876,Amazon Logistics,WH-Beta (US-West),Two-Day Air,0.52,1770,2318.2,25,0
ORD-1877,FedEx,WH-Alpha (US-East),Standard Ground,0.85,488,2396.9,15,1
ORD-1878,UPS,WH-Alpha (US-East),Same-Day,0.5,4373,1295.6,17,1
ORD-1879,USPS,WH-Beta (US-West),Express Air,0.88,1114,735.9,60,0
ORD-1880,Amazon Logistics,WH-Alpha (US-East),Standard Ground,0.98,1259,1198.3,63,0
ORD-1881,DHL,WH-Gamma (US-Central),Two-Day Air,0.87,1221,1189.8,14,0
ORD-1882,DHL,WH-Delta (US-South),Two-Day Air,0.65,3159,1583.2,5,0
ORD-1883,FedEx,WH-Alpha (US-East),Express Air,0.87,4647,1360.8,20,0
ORD-1884,FedEx,WH-Beta (US-West),Two-Day Air,0.54,4645,2229.0,70,1
ORD-1885,USPS,WH-Delta (US-South),Same-Day,0.95,4381,1018.7,6,0
ORD-1886,Amazon Logistics,WH-Beta (US-West),Two-Day Air,0.97,1637,1097.2,20,0
ORD-1887,UPS,WH-Beta (US-West),Express Air,0.58,3191,757.0,66,0
ORD-1888,USPS,WH-Beta (US-West),Same-Day,0.64,1225,2353.4,57,0
ORD-1889,DHL,WH-Alpha (US-East),Express Air,0.62,1863,117.4,30,1
ORD-1890,DHL,WH-Delta (US-South),Express Air,0.74,1999,728.7,22,0
ORD-1891,USPS,WH-Beta (US-West),Two-Day Air,0.52,450,1660.5,57,1
ORD-1892,Amazon Logistics,WH-Alpha (US-East),Standard Ground,0.57,2020,715.1,21,1
ORD-1893,USPS,WH-Delta (US-South),Same-Day,0.94,1310,931.0,15,0
ORD-1894,USPS,WH-Gamma (US-Central),Same-Day,0.54,1235,599.9,37,1
ORD-1895,DHL,WH-Gamma (US-Central),Same-Day,0.85,577,1111.8,68,0
ORD-1896,DHL,WH-Gamma (US-Central),Two-Day Air,0.91,4613,307.9,9,0
ORD-1897,DHL,WH-Delta (US-South),Standard Ground,0.88,3216,228.4,69,0
ORD-1898,DHL,WH-Alpha (US-East),Express Air,0.78,4044,1092.3,53,0
ORD-1899,UPS,WH-Delta (US-South),Two-Day Air,0.54,4675,1516.0,58,1
ORD-1900,UPS,WH-Delta (US-South),Standard Ground,0.99,1762,1091.3,53,0
ORD-1901,Amazon Logistics,WH-Delta (US-South),Standard Ground,0.61,2876,1288.5,31,1
ORD-1902,USPS,WH-Gamma (US-Central),Express Air,0.84,2609,406.6,36,1
ORD-1903,FedEx,WH-Gamma (US-Central),Two-Day Air,0.51,2177,1022.5,35,1
ORD-1904,Amazon Logistics,WH-Delta (US-South),Express Air,0.73,433,507.9,7,0
ORD-1905,DHL,WH-Delta (US-South),Standard Ground,0.54,1162,882.1,61,1
ORD-1906,UPS,WH-Delta (US-South),Standard Ground,0.76,1642,262.1,22,0
ORD-1907,USPS,WH-Delta (US-South),Standard Ground,0.99,2734,1412.0,51,0
ORD-1908,USPS,WH-Beta (US-West),Same-Day,0.92,636,2429.7,11,0
ORD-1909,DHL,WH-Gamma (US-Central),Express Air,0.72,162,2264.6,20,0
ORD-1910,DHL,WH-Delta (US-South),Same-Day,0.89,265,476.3,23,0
ORD-1911,Amazon Logistics,WH-Delta (US-South),Same-Day,0.95,2292,2025.4,42,0
ORD-1912,Amazon Logistics,WH-Beta (US-West),Express Air,0.5,198,1174.4,17,0
ORD-1913,DHL,WH-Alpha (US-East),Two-Day Air,0.95,10,823.7,53,0
ORD-1914,FedEx,WH-Gamma (US-Central),Express Air,0.55,1364,667.0,35,1
ORD-1915,UPS,WH-Alpha (US-East),Same-Day,0.88,1284,1636.4,69,1
ORD-1916,Amazon Logistics,WH-Delta (US-South),Express Air,0.79,1061,649.9,23,0
ORD-1917,Amazon Logistics,WH-Delta (US-South),Two-Day Air,0.73,143,829.5,51,0
ORD-1918,UPS,WH-Gamma (US-Central),Same-Day,0.81,4386,1445.4,24,1
ORD-1919,USPS,WH-Gamma (US-Central),Two-Day Air,0.86,2907,622.9,8,1
ORD-1920,USPS,WH-Beta (US-West),Standard Ground,0.95,1020,46.0,57,0
ORD-1921,DHL,WH-Delta (US-South),Express Air,0.71,2866,42.6,40,0
ORD-1922,USPS,WH-Beta (US-West),Standard Ground,0.75,4202,94.7,7,1
ORD-1923,USPS,WH-Gamma (US-Central),Two-Day Air,0.96,90,1295.3,29,1
ORD-1924,FedEx,WH-Alpha (US-East),Two-Day Air,0.79,1071,2287.0,17,0
ORD-1925,USPS,WH-Beta (US-West),Same-Day,0.78,1080,763.3,44,0
ORD-1926,Amazon Logistics,WH-Beta (US-West),Express Air,0.98,2359,579.3,26,0
ORD-1927,UPS,WH-Gamma (US-Central),Express Air,0.75,2534,1205.3,68,1
ORD-1928,FedEx,WH-Gamma (US-Central),Two-Day Air,0.54,4967,484.7,67,1
ORD-1929,DHL,WH-Alpha (US-East),Standard Ground,0.63,2271,853.0,22,0
ORD-1930,Amazon Logistics,WH-Gamma (US-Central),Express Air,0.84,2821,1002.2,50,0
ORD-1931,USPS,WH-Alpha (US-East),Two-Day Air,0.81,2052,1228.8,48,0
ORD-1932,DHL,WH-Beta (US-West),Two-Day Air,0.68,3145,107.0,18,1
ORD-1933,USPS,WH-Beta (US-West),Two-Day Air,0.55,4015,1875.8,70,0
ORD-1934,USPS,WH-Delta (US-South),Standard Ground,0.6,4369,1708.7,36,0
ORD-1935,USPS,WH-Alpha (US-East),Same-Day,0.82,4254,277.8,14,0
ORD-1936,DHL,WH-Delta (US-South),Same-Day,0.64,1676,591.9,37,1
ORD-1937,FedEx,WH-Gamma (US-Central),Standard Ground,0.63,976,1668.7,48,1
ORD-1938,FedEx,WH-Gamma (US-Central),Express Air,0.91,2923,2078.1,27,0
ORD-1939,FedEx,WH-Alpha (US-East),Same-Day,0.54,1195,1471.7,49,0
ORD-1940,FedEx,WH-Gamma (US-Central),Two-Day Air,1.0,223,1607.1,32,0
ORD-1941,Amazon Logistics,WH-Alpha (US-East),Express Air,0.85,839,2471.3,30,0
ORD-1942,DHL,WH-Gamma (US-Central),Express Air,0.59,1511,557.5,13,0
ORD-1943,UPS,WH-Delta (US-South),Express Air,0.81,2353,587.7,51,0
ORD-1944,USPS,WH-Beta (US-West),Same-Day,0.54,621,1378.8,48,0
ORD-1945,FedEx,WH-Beta (US-West),Two-Day Air,0.79,2175,2256.6,26,0
ORD-1946,FedEx,WH-Delta (US-South),Standard Ground,0.9,225,442.1,12,0
ORD-1947,FedEx,WH-Gamma (US-Central),Two-Day Air,0.58,3006,902.5,23,1
ORD-1948,FedEx,WH-Alpha (US-East),Two-Day Air,0.88,3723,1295.9,46,0
ORD-1949,USPS,WH-Beta (US-West),Standard Ground,0.79,3707,1522.9,65,1
ORD-1950,UPS,WH-Gamma (US-Central),Two-Day Air,0.8,2090,1052.3,8,0
ORD-1951,FedEx,WH-Delta (US-South),Express Air,0.83,1109,1132.4,24,0
ORD-1952,FedEx,WH-Delta (US-South),Standard Ground,0.68,3571,2377.5,25,1
ORD-1953,USPS,WH-Gamma (US-Central),Same-Day,0.93,2778,1254.3,67,1
ORD-1954,DHL,WH-Delta (US-South),Standard Ground,0.52,246,692.0,24,0
ORD-1955,USPS,WH-Beta (US-West),Two-Day Air,0.71,821,714.8,54,0
ORD-1956,DHL,WH-Delta (US-South),Same-Day,0.88,1227,1900.3,46,1
ORD-1957,Amazon Logistics,WH-Delta (US-South),Standard Ground,0.84,984,1370.9,60,1
ORD-1958,FedEx,WH-Delta (US-South),Same-Day,0.67,101,2441.6,53,0
ORD-1959,DHL,WH-Delta (US-South),Standard Ground,0.95,618,319.0,24,0
ORD-1960,USPS,WH-Gamma (US-Central),Standard Ground,0.53,2649,976.0,4,0
ORD-1961,FedEx,WH-Beta (US-West),Express Air,0.84,1933,1815.3,29,0
ORD-1962,Amazon Logistics,WH-Beta (US-West),Two-Day Air,0.54,797,1876.4,28,1
ORD-1963,Amazon Logistics,WH-Alpha (US-East),Two-Day Air,0.59,2112,1671.7,26,0
ORD-1964,FedEx,WH-Delta (US-South),Standard Ground,0.63,3124,2368.6,70,1
ORD-1965,Amazon Logistics,WH-Beta (US-West),Express Air,0.79,4336,1231.2,25,1
ORD-1966,DHL,WH-Beta (US-West),Same-Day,0.68,1349,381.2,54,0
ORD-1967,DHL,WH-Beta (US-West),Same-Day,0.89,449,2492.3,29,0
ORD-1968,UPS,WH-Beta (US-West),Express Air,0.59,1619,1612.9,29,0
ORD-1969,DHL,WH-Beta (US-West),Express Air,0.69,1317,611.9,44,1
ORD-1970,USPS,WH-Alpha (US-East),Two-Day Air,0.98,3557,2200.2,32,0
ORD-1971,Amazon Logistics,WH-Beta (US-West),Same-Day,0.7,4710,2495.6,49,1
ORD-1972,Amazon Logistics,WH-Alpha (US-East),Standard Ground,0.98,4549,937.7,48,0
ORD-1973,FedEx,WH-Beta (US-West),Two-Day Air,0.98,1001,874.3,11,0
ORD-1974,FedEx,WH-Delta (US-South),Standard Ground,0.75,4420,525.1,20,0
ORD-1975,DHL,WH-Beta (US-West),Same-Day,0.71,2696,1305.4,30,0
ORD-1976,USPS,WH-Delta (US-South),Standard Ground,0.76,4512,47.3,19,0
ORD-1977,FedEx,WH-Gamma (US-Central),Express Air,0.61,425,108.7,20,1
ORD-1978,FedEx,WH-Gamma (US-Central),Express Air,0.61,3932,647.8,34,0
ORD-1979,FedEx,WH-Alpha (US-East),Two-Day Air,0.9,3819,1120.7,60,1
ORD-1980,FedEx,WH-Beta (US-West),Same-Day,0.52,4923,1197.1,7,1
ORD-1981,DHL,WH-Beta (US-West),Two-Day Air,0.53,457,834.7,19,1
ORD-1982,FedEx,WH-Alpha (US-East),Two-Day Air,0.92,3948,1873.5,23,1
ORD-1983,DHL,WH-Beta (US-West),Two-Day Air,1.0,2217,1358.2,5,0
ORD-1984,USPS,WH-Alpha (US-East),Standard Ground,0.93,1917,2396.2,60,0
ORD-1985,FedEx,WH-Gamma (US-Central),Same-Day,0.73,3579,1069.4,69,0
ORD-1986,USPS,WH-Gamma (US-Central),Standard Ground,0.53,859,497.0,31,0
ORD-1987,Amazon Logistics,WH-Gamma (US-Central),Standard Ground,0.76,108,1650.9,64,1
ORD-1988,FedEx,WH-Delta (US-South),Same-Day,0.94,3032,1068.4,24,0
ORD-1989,DHL,WH-Alpha (US-East),Express Air,0.98,4566,2026.6,27,0
ORD-1990,DHL,WH-Beta (US-West),Express Air,0.81,878,618.7,68,1
ORD-1991,USPS,WH-Gamma (US-Central),Express Air,0.83,4707,2350.2,29,1
ORD-1992,UPS,WH-Beta (US-West),Same-Day,0.51,3849,1458.0,24,0
ORD-1993,USPS,WH-Gamma (US-Central),Same-Day,0.86,1489,1751.9,24,1
ORD-1994,UPS,WH-Delta (US-South),Same-Day,0.88,3318,463.3,42,1
ORD-1995,Amazon Logistics,WH-Delta (US-South),Same-Day,0.83,412,526.0,52,1
ORD-1996,UPS,WH-Alpha (US-East),Same-Day,0.94,1953,1308.5,70,0
ORD-1997,DHL,WH-Gamma (US-Central),Same-Day,0.63,4317,1766.4,42,1
ORD-1998,FedEx,WH-Gamma (US-Central),Two-Day Air,0.61,1926,848.4,70,1
ORD-1999,FedEx,WH-Delta (US-South),Express Air,0.61,390,1191.3,43,1
ORD-2000,UPS,WH-Alpha (US-East),Standard Ground,0.93,4214,2181.0,62,0
ORD-2001,Amazon Logistics,WH-Beta (US-West),Same-Day,0.64,1689,1696.0,63,1
ORD-2002,UPS,WH-Beta (US-West),Same-Day,0.66,3817,1587.0,8,0
ORD-2003,UPS,WH-Gamma (US-Central),Standard Ground,0.71,4140,1998.7,8,0
ORD-2004,DHL,WH-Alpha (US-East),Two-Day Air,0.9,617,593.6,36,0
ORD-2005,Amazon Logistics,WH-Delta (US-South),Express Air,0.79,502,2046.8,61,0
ORD-2006,Amazon Logistics,WH-Gamma (US-Central),Two-Day Air,0.55,1636,2055.1,9,0
ORD-2007,UPS,WH-Beta (US-West),Same-Day,0.73,2683,859.9,47,1
ORD-2008,Amazon Logistics,WH-Alpha (US-East),Two-Day Air,0.71,4966,1828.4,38,0
ORD-2009,Amazon Logistics,WH-Beta (US-West),Two-Day Air,0.87,1671,468.6,31,0
ORD-2010,DHL,WH-Alpha (US-East),Two-Day Air,0.89,1879,763.8,11,0
ORD-2011,Amazon Logistics,WH-Gamma (US-Central),Same-Day,0.56,3646,451.5,62,1
ORD-2012,USPS,WH-Beta (US-West),Standard Ground,0.54,245,1397.3,14,0
ORD-2013,FedEx,WH-Delta (US-South),Standard Ground,0.89,734,193.5,5,0
ORD-2014,FedEx,WH-Delta (US-South),Same-Day,0.74,2476,2169.2,18,0
ORD-2015,FedEx,WH-Beta (US-West),Two-Day Air,0.73,3733,759.9,67,1
ORD-2016,UPS,WH-Beta (US-West),Standard Ground,0.93,4279,196.5,42,0
ORD-2017,Amazon Logistics,WH-Alpha (US-East),Standard Ground,0.51,2460,146.3,27,1
ORD-2018,FedEx,WH-Beta (US-West),Standard Ground,0.54,2931,783.1,12,1
ORD-2019,UPS,WH-Gamma (US-Central),Standard Ground,0.94,3012,1806.3,40,0
ORD-2020,USPS,WH-Gamma (US-Central),Two-Day Air,0.78,1360,1631.2,20,0
ORD-2021,FedEx,WH-Alpha (US-East),Two-Day Air,0.62,4990,326.2,19,0
ORD-2022,Amazon Logistics,WH-Alpha (US-East),Standard Ground,0.68,4038,445.7,17,0
ORD-2023,USPS,WH-Beta (US-West),Two-Day Air,0.79,155,1758.5,10,0
ORD-2024,Amazon Logistics,WH-Alpha (US-East),Standard Ground,0.77,4053,1318.4,50,0
ORD-2025,UPS,WH-Beta (US-West),Two-Day Air,0.53,2426,217.7,30,0
ORD-2026,USPS,WH-Alpha (US-East),Two-Day Air,0.65,1061,1306.1,25,0
ORD-2027,DHL,WH-Delta (US-South),Two-Day Air,0.62,4042,150.9,66,1
ORD-2028,USPS,WH-Alpha (US-East),Express Air,0.78,2381,2154.5,47,1
ORD-2029,DHL,WH-Beta (US-West),Standard Ground,0.51,1698,976.1,29,0
ORD-2030,FedEx,WH-Alpha (US-East),Standard Ground,0.73,1252,447.5,44,0
ORD-2031,UPS,WH-Gamma (US-Central),Same-Day,0.68,1031,1496.1,65,1
ORD-2032,UPS,WH-Delta (US-South),Same-Day,0.85,756,1958.7,57,1
ORD-2033,USPS,WH-Gamma (US-Central),Express Air,0.75,115,1769.9,69,1
ORD-2034,USPS,WH-Delta (US-South),Standard Ground,0.61,1318,846.5,15,0
ORD-2035,DHL,WH-Delta (US-South),Same-Day,0.53,3742,1196.4,42,0
ORD-2036,Amazon Logistics,WH-Delta (US-South),Same-Day,0.68,1496,1561.1,38,1
ORD-2037,FedEx,WH-Beta (US-West),Express Air,0.52,2196,2189.6,28,1
ORD-2038,DHL,WH-Beta (US-West),Standard Ground,0.97,3315,366.5,29,0
ORD-2039,FedEx,WH-Beta (US-West),Two-Day Air,0.88,1112,190.3,55,0
ORD-2040,FedEx,WH-Alpha (US-East),Same-Day,0.58,1953,23.2,42,0
ORD-2041,DHL,WH-Beta (US-West),Two-Day Air,0.59,2613,212.1,67,1
ORD-2042,DHL,WH-Beta (US-West),Same-Day,0.92,4871,891.5,22,1
ORD-2043,USPS,WH-Beta (US-West),Standard Ground,0.81,3654,1854.2,70,1
ORD-2044,USPS,WH-Delta (US-South),Same-Day,0.61,1646,296.6,43,1
ORD-2045,Amazon Logistics,WH-Beta (US-West),Express Air,0.58,4097,2140.9,9,0
ORD-2046,FedEx,WH-Delta (US-South),Same-Day,0.75,3950,341.0,61,0
ORD-2047,FedEx,WH-Delta (US-South),Two-Day Air,0.64,1426,495.3,51,0
ORD-2048,Amazon Logistics,WH-Delta (US-South),Standard Ground,0.93,1788,1067.0,16,0
ORD-2049,UPS,WH-Beta (US-West),Standard Ground,0.77,3344,1093.3,26,1
ORD-2050,Amazon Logistics,WH-Delta (US-South),Same-Day,0.51,393,1192.2,57,1
ORD-2051,Amazon Logistics,WH-Alpha (US-East),Same-Day,0.87,2826,1877.4,56,0
ORD-2052,DHL,WH-Alpha (US-East),Standard Ground,0.52,3537,242.7,48,1
ORD-2053,FedEx,WH-Beta (US-West),Same-Day,0.97,1544,1420.4,61,0
ORD-2054,USPS,WH-Alpha (US-East),Two-Day Air,0.92,240,493.4,40,0
ORD-2055,Amazon Logistics,WH-Beta (US-West),Express Air,0.91,395,932.0,55,0
ORD-2056,FedEx,WH-Alpha (US-East),Standard Ground,0.88,2929,2166.3,63,0
ORD-2057,Amazon Logistics,WH-Alpha (US-East),Express Air,0.62,487,1247.0,35,0
ORD-2058,UPS,WH-Delta (US-South),Standard Ground,0.73,480,35.3,12,0
ORD-2059,DHL,WH-Alpha (US-East),Express Air,0.66,1624,1792.0,31,1
ORD-2060,UPS,WH-Delta (US-South),Express Air,0.68,4093,2295.6,27,0
ORD-2061,Amazon Logistics,WH-Delta (US-South),Same-Day,0.58,3455,1863.6,31,1
ORD-2062,Amazon Logistics,WH-Gamma (US-Central),Same-Day,0.89,3828,90.8,59,1
ORD-2063,Amazon Logistics,WH-Beta (US-West),Two-Day Air,0.58,646,1386.2,10,0
ORD-2064,FedEx,WH-Alpha (US-East),Standard Ground,0.7,4066,1945.3,29,1
ORD-2065,UPS,WH-Beta (US-West),Same-Day,0.73,3477,2084.1,44,0
ORD-2066,USPS,WH-Delta (US-South),Same-Day,0.66,2193,505.1,50,1
ORD-2067,DHL,WH-Alpha (US-East),Same-Day,0.72,1790,2441.1,31,0
ORD-2068,DHL,WH-Gamma (US-Central),Two-Day Air,0.74,2806,1257.4,15,0
ORD-2069,Amazon Logistics,WH-Delta (US-South),Express Air,0.94,4716,53.4,46,0
ORD-2070,USPS,WH-Gamma (US-Central),Express Air,0.55,442,1124.8,35,1
ORD-2071,DHL,WH-Beta (US-West),Standard Ground,0.5,2560,1654.7,42,1
ORD-2072,DHL,WH-Beta (US-West),Two-Day Air,0.64,1858,296.5,27,1
ORD-2073,FedEx,WH-Gamma (US-Central),Express Air,0.71,1232,2095.9,16,0
ORD-2074,USPS,WH-Delta (US-South),Two-Day Air,0.65,2642,629.8,39,1
ORD-2075,FedEx,WH-Alpha (US-East),Same-Day,0.85,3237,34.3,28,0
ORD-2076,USPS,WH-Alpha (US-East),Standard Ground,0.94,3772,1650.9,25,0
ORD-2077,DHL,WH-Delta (US-South),Same-Day,0.75,4861,1213.0,9,1
ORD-2078,FedEx,WH-Gamma (US-Central),Express Air,0.65,2579,949.1,20,0
ORD-2079,DHL,WH-Delta (US-South),Same-Day,0.94,3464,1524.1,44,0
ORD-2080,Amazon Logistics,WH-Gamma (US-Central),Express Air,0.83,4187,1481.6,18,1
ORD-2081,UPS,WH-Alpha (US-East),Two-Day Air,0.8,1856,383.1,69,0
ORD-2082,Amazon Logistics,WH-Alpha (US-East),Two-Day Air,0.51,1167,1170.1,36,0
ORD-2083,FedEx,WH-Alpha (US-East),Standard Ground,0.86,4581,535.8,49,0
ORD-2084,FedEx,WH-Alpha (US-East),Two-Day Air,0.66,2843,926.2,13,1
ORD-2085,UPS,WH-Delta (US-South),Two-Day Air,0.85,1074,557.9,36,1
ORD-2086,UPS,WH-Gamma (US-Central),Two-Day Air,0.8,1105,331.8,59,1
ORD-2087,USPS,WH-Gamma (US-Central),Express Air,0.78,3353,1715.1,25,0
ORD-2088,Amazon Logistics,WH-Delta (US-South),Same-Day,0.93,1750,1595.2,10,0
ORD-2089,DHL,WH-Alpha (US-East),Same-Day,0.67,3501,2471.2,39,1
ORD-2090,Amazon Logistics,WH-Beta (US-West),Express Air,0.72,3701,1237.5,23,0
ORD-2091,FedEx,WH-Gamma (US-Central),Standard Ground,0.79,3004,2318.3,29,0
ORD-2092,FedEx,WH-Delta (US-South),Two-Day Air,0.58,607,565.8,63,0
ORD-2093,Amazon Logistics,WH-Gamma (US-Central),Standard Ground,0.78,162,1328.0,36,0
ORD-2094,USPS,WH-Delta (US-South),Same-Day,0.87,1333,1606.9,4,1
ORD-2095,Amazon Logistics,WH-Delta (US-South),Standard Ground,0.51,3897,1375.5,54,1
ORD-2096,DHL,WH-Gamma (US-Central),Two-Day Air,0.84,1377,1904.5,67,1
ORD-2097,Amazon Logistics,WH-Beta (US-West),Same-Day,0.82,88,113.2,13,0
ORD-2098,USPS,WH-Delta (US-South),Two-Day Air,0.87,502,2060.2,20,0
ORD-2099,FedEx,WH-Delta (US-South),Standard Ground,0.96,79,1437.7,23,1
ORD-2100,USPS,WH-Alpha (US-East),Two-Day Air,0.87,2568,1634.7,27,1
ORD-2101,Amazon Logistics,WH-Delta (US-South),Express Air,0.82,13,392.9,20,0
ORD-2102,FedEx,WH-Gamma (US-Central),Two-Day Air,0.53,1417,154.3,62,1
ORD-2103,USPS,WH-Gamma (US-Central),Standard Ground,0.75,1156,2056.7,6,1
ORD-2104,FedEx,WH-Gamma (US-Central),Same-Day,0.7,2732,300.9,16,0
ORD-2105,FedEx,WH-Beta (US-West),Standard Ground,0.53,1772,2388.4,22,1
ORD-2106,UPS,WH-Beta (US-West),Same-Day,0.77,1546,2145.7,7,0
ORD-2107,USPS,WH-Alpha (US-East),Same-Day,0.67,2246,60.2,8,0
ORD-2108,USPS,WH-Gamma (US-Central),Two-Day Air,0.67,4715,1268.9,46,0
ORD-2109,DHL,WH-Beta (US-West),Express Air,0.53,2041,1763.2,61,1
ORD-2110,DHL,WH-Beta (US-West),Same-Day,0.99,1824,1828.1,54,0
ORD-2111,USPS,WH-Beta (US-West),Two-Day Air,0.56,3888,746.0,23,1
ORD-2112,UPS,WH-Alpha (US-East),Express Air,0.72,2970,1372.6,11,0
ORD-2113,FedEx,WH-Alpha (US-East),Standard Ground,0.79,2255,2093.2,36,0
ORD-2114,USPS,WH-Alpha (US-East),Same-Day,0.82,1133,1567.3,60,1
ORD-2115,Amazon Logistics,WH-Delta (US-South),Express Air,0.73,235,927.6,66,0
ORD-2116,FedEx,WH-Alpha (US-East),Two-Day Air,0.68,3065,2297.0,28,0
ORD-2117,FedEx,WH-Delta (US-South),Express Air,0.62,2405,2179.5,54,1
ORD-2118,FedEx,WH-Alpha (US-East),Two-Day Air,0.62,4489,242.4,36,1
ORD-2119,UPS,WH-Delta (US-South),Same-Day,0.83,1668,2101.8,32,1
ORD-2120,USPS,WH-Delta (US-South),Express Air,0.63,1920,1757.5,64,0
ORD-2121,FedEx,WH-Delta (US-South),Two-Day Air,0.82,1543,791.3,55,0
ORD-2122,USPS,WH-Beta (US-West),Standard Ground,0.77,799,218.4,14,0
ORD-2123,UPS,WH-Alpha (US-East),Two-Day Air,0.82,1452,2167.8,22,0
ORD-2124,UPS,WH-Alpha (US-East),Standard Ground,0.98,3304,1963.8,28,1
ORD-2125,FedEx,WH-Delta (US-South),Same-Day,0.93,1741,2392.3,8,0
ORD-2126,UPS,WH-Gamma (US-Central),Express Air,0.53,759,442.6,51,0
ORD-2127,Amazon Logistics,WH-Beta (US-West),Express Air,0.9,1618,1681.4,58,1
ORD-2128,DHL,WH-Delta (US-South),Express Air,0.75,1946,1132.9,42,1
ORD-2129,USPS,WH-Alpha (US-East),Express Air,0.54,3438,103.6,13,1
ORD-2130,Amazon Logistics,WH-Gamma (US-Central),Same-Day,0.62,3785,1138.5,49,1
ORD-2131,Amazon Logistics,WH-Alpha (US-East),Standard Ground,1.0,2666,277.3,70,0
ORD-2132,UPS,WH-Delta (US-South),Express Air,0.58,1545,1250.6,59,0
ORD-2133,UPS,WH-Beta (US-West),Express Air,0.87,4753,1270.7,21,0
ORD-2134,Amazon Logistics,WH-Delta (US-South),Same-Day,0.51,3574,1601.4,33,0
ORD-2135,USPS,WH-Beta (US-West),Standard Ground,0.92,1376,133.7,13,0
ORD-2136,UPS,WH-Delta (US-South),Express Air,0.79,476,852.6,69,1
ORD-2137,FedEx,WH-Beta (US-West),Standard Ground,0.67,178,1875.2,34,0
ORD-2138,DHL,WH-Delta (US-South),Two-Day Air,0.78,4062,1319.5,65,1
ORD-2139,USPS,WH-Gamma (US-Central),Same-Day,0.52,1539,1927.3,54,1
ORD-2140,USPS,WH-Delta (US-South),Express Air,0.72,1081,766.0,57,1
ORD-2141,UPS,WH-Gamma (US-Central),Two-Day Air,0.96,1779,1965.7,15,0
ORD-2142,Amazon Logistics,WH-Delta (US-South),Two-Day Air,0.73,3836,743.8,29,0
ORD-2143,DHL,WH-Gamma (US-Central),Same-Day,0.74,4969,1291.5,39,0
ORD-2144,Amazon Logistics,WH-Gamma (US-Central),Express Air,0.57,3056,1765.9,55,0
ORD-2145,USPS,WH-Beta (US-West),Standard Ground,0.99,2825,152.4,59,1
ORD-2146,FedEx,WH-Beta (US-West),Same-Day,0.51,3522,204.0,49,0
ORD-2147,UPS,WH-Gamma (US-Central),Express Air,0.66,1162,171.4,49,0
ORD-2148,UPS,WH-Beta (US-West),Two-Day Air,0.61,1209,371.8,27,0
ORD-2149,Amazon Logistics,WH-Alpha (US-East),Two-Day Air,0.68,3389,2403.1,36,0
ORD-2150,FedEx,WH-Gamma (US-Central),Express Air,0.53,4331,1560.9,57,1
ORD-2151,DHL,WH-Delta (US-South),Standard Ground,0.77,974,1810.5,11,1
ORD-2152,UPS,WH-Delta (US-South),Same-Day,0.99,2660,1752.2,60,0
ORD-2153,USPS,WH-Delta (US-South),Two-Day Air,1.0,16,967.5,13,0
ORD-2154,USPS,WH-Gamma (US-Central),Express Air,0.78,3008,1819.9,9,0
ORD-2155,USPS,WH-Alpha (US-East),Express Air,0.84,1692,941.3,39,0
ORD-2156,USPS,WH-Gamma (US-Central),Standard Ground,0.92,4697,1691.4,60,1
ORD-2157,FedEx,WH-Alpha (US-East),Two-Day Air,0.76,671,1912.1,62,1
ORD-2158,UPS,WH-Delta (US-South),Two-Day Air,0.77,2261,2243.4,36,1
ORD-2159,DHL,WH-Gamma (US-Central),Same-Day,0.77,1019,528.0,25,0
ORD-2160,UPS,WH-Beta (US-West),Two-Day Air,0.78,1156,1332.0,31,0
ORD-2161,DHL,WH-Delta (US-South),Same-Day,0.98,2730,1428.9,27,0
ORD-2162,USPS,WH-Delta (US-South),Same-Day,0.58,2995,1278.2,34,0
ORD-2163,Amazon Logistics,WH-Delta (US-South),Standard Ground,0.92,2477,369.7,4,0
ORD-2164,Amazon Logistics,WH-Alpha (US-East),Express Air,0.77,2641,2306.8,5,0
ORD-2165,DHL,WH-Alpha (US-East),Standard Ground,0.6,1089,1172.9,11,1
ORD-2166,USPS,WH-Delta (US-South),Express Air,0.89,2475,1385.9,13,1
ORD-2167,Amazon Logistics,WH-Beta (US-West),Two-Day Air,0.76,2406,2389.5,19,1
ORD-2168,UPS,WH-Beta (US-West),Express Air,0.81,2354,299.7,11,0
ORD-2169,UPS,WH-Alpha (US-East),Two-Day Air,0.6,3494,1801.8,18,0
ORD-2170,DHL,WH-Beta (US-West),Two-Day Air,0.8,3604,444.7,21,0
ORD-2171,Amazon Logistics,WH-Gamma (US-Central),Standard Ground,0.8,4911,1911.8,54,0
ORD-2172,DHL,WH-Delta (US-South),Same-Day,0.83,900,2495.8,18,0
ORD-2173,UPS,WH-Delta (US-South),Standard Ground,0.8,1987,2279.4,21,0
ORD-2174,UPS,WH-Delta (US-South),Standard Ground,0.53,580,508.6,63,1
ORD-2175,FedEx,WH-Gamma (US-Central),Express Air,0.95,559,1006.3,5,0
ORD-2176,Amazon Logistics,WH-Gamma (US-Central),Same-Day,0.82,1294,1418.6,63,1
ORD-2177,FedEx,WH-Alpha (US-East),Two-Day Air,0.8,2688,2253.2,18,0
ORD-2178,Amazon Logistics,WH-Beta (US-West),Two-Day Air,0.71,4200,2480.2,68,1
ORD-2179,Amazon Logistics,WH-Gamma (US-Central),Express Air,0.98,4030,295.3,9,0
ORD-2180,DHL,WH-Beta (US-West),Standard Ground,0.69,1291,765.5,11,0
ORD-2181,UPS,WH-Delta (US-South),Standard Ground,0.53,3147,618.9,22,0
ORD-2182,UPS,WH-Beta (US-West),Express Air,0.61,3218,1448.9,27,0
ORD-2183,DHL,WH-Gamma (US-Central),Standard Ground,0.58,3815,623.7,22,0
ORD-2184,FedEx,WH-Alpha (US-East),Express Air,0.89,4783,2343.7,67,1
ORD-2185,Amazon Logistics,WH-Delta (US-South),Same-Day,0.56,2289,1084.4,63,1
ORD-2186,Amazon Logistics,WH-Beta (US-West),Same-Day,0.77,718,652.6,25,0
ORD-2187,DHL,WH-Gamma (US-Central),Express Air,0.87,1472,1725.0,17,0
ORD-2188,USPS,WH-Gamma (US-Central),Express Air,0.51,438,1828.0,37,1
ORD-2189,FedEx,WH-Beta (US-West),Same-Day,0.63,1569,2125.5,51,1
ORD-2190,UPS,WH-Alpha (US-East),Express Air,0.64,3478,74.4,54,1
ORD-2191,UPS,WH-Beta (US-West),Same-Day,0.83,2318,2261.7,68,1
ORD-2192,UPS,WH-Beta (US-West),Express Air,0.55,3304,421.2,13,0
ORD-2193,Amazon Logistics,WH-Gamma (US-Central),Standard Ground,0.82,677,709.2,62,0
ORD-2194,Amazon Logistics,WH-Delta (US-South),Standard Ground,0.76,772,2456.2,58,1
ORD-2195,UPS,WH-Gamma (US-Central),Express Air,0.81,4832,1314.1,56,1
ORD-2196,FedEx,WH-Alpha (US-East),Express Air,0.87,3528,1654.3,23,1
ORD-2197,UPS,WH-Gamma (US-Central),Express Air,0.65,3341,2375.4,47,1
ORD-2198,DHL,WH-Beta (US-West),Standard Ground,0.94,3791,1663.2,66,1
ORD-2199,Amazon Logistics,WH-Delta (US-South),Express Air,0.7,2901,1230.2,11,0
ORD-2200,DHL,WH-Alpha (US-East),Express Air,0.88,4891,602.6,26,1
ORD-2201,FedEx,WH-Alpha (US-East),Same-Day,0.66,3107,871.0,16,1
ORD-2202,FedEx,WH-Alpha (US-East),Express Air,0.89,441,1562.8,4,1
ORD-2203,Amazon Logistics,WH-Delta (US-South),Express Air,0.61,1033,2032.0,23,1
ORD-2204,Amazon Logistics,WH-Beta (US-West),Standard Ground,0.53,872,1778.2,13,1
ORD-2205,Amazon Logistics,WH-Gamma (US-Central),Express Air,0.79,1091,2413.7,8,0
ORD-2206,FedEx,WH-Beta (US-West),Express Air,0.6,4604,1397.2,45,1
ORD-2207,UPS,WH-Gamma (US-Central),Express Air,0.69,2782,49.6,28,1
ORD-2208,USPS,WH-Delta (US-South),Standard Ground,0.66,4682,1138.3,15,1
ORD-2209,FedEx,WH-Beta (US-West),Standard Ground,0.9,377,2429.5,22,1
ORD-2210,Amazon Logistics,WH-Beta (US-West),Express Air,0.9,4643,1149.6,40,0
ORD-2211,DHL,WH-Beta (US-West),Two-Day Air,0.94,660,2171.2,29,1
ORD-2212,UPS,WH-Delta (US-South),Standard Ground,0.96,3485,1835.2,41,0
ORD-2213,Amazon Logistics,WH-Gamma (US-Central),Express Air,0.94,2537,1757.2,55,0
ORD-2214,FedEx,WH-Gamma (US-Central),Express Air,0.79,4649,695.4,57,0
ORD-2215,USPS,WH-Gamma (US-Central),Same-Day,0.53,3852,650.4,65,1
ORD-2216,DHL,WH-Alpha (US-East),Express Air,0.69,886,1933.0,13,0
ORD-2217,USPS,WH-Alpha (US-East),Same-Day,0.85,2588,771.1,64,1
ORD-2218,USPS,WH-Delta (US-South),Express Air,0.61,3982,863.0,17,1
ORD-2219,DHL,WH-Beta (US-West),Two-Day Air,0.99,4032,581.1,10,1
ORD-2220,FedEx,WH-Gamma (US-Central),Express Air,0.83,1016,2362.5,21,1
ORD-2221,DHL,WH-Delta (US-South),Standard Ground,0.58,4859,164.1,22,0
ORD-2222,UPS,WH-Gamma (US-Central),Standard Ground,0.81,4567,320.6,15,0
ORD-2223,USPS,WH-Alpha (US-East),Standard Ground,0.82,2507,1801.4,50,1
ORD-2224,Amazon Logistics,WH-Delta (US-South),Two-Day Air,1.0,3568,853.9,29,0
ORD-2225,Amazon Logistics,WH-Gamma (US-Central),Same-Day,0.85,2432,1498.1,32,1
ORD-2226,UPS,WH-Alpha (US-East),Standard Ground,0.91,741,320.3,41,0
ORD-2227,Amazon Logistics,WH-Delta (US-South),Express Air,0.68,2236,1988.2,44,1
ORD-2228,DHL,WH-Beta (US-West),Express Air,0.74,3868,1726.0,7,1
ORD-2229,FedEx,WH-Alpha (US-East),Two-Day Air,0.63,4113,1881.3,49,0
ORD-2230,DHL,WH-Gamma (US-Central),Standard Ground,0.58,3095,496.0,71,0
ORD-2231,Amazon Logistics,WH-Alpha (US-East),Standard Ground,0.55,4241,1043.4,69,1
ORD-2232,FedEx,WH-Gamma (US-Central),Express Air,0.75,715,1566.2,33,0
ORD-2233,UPS,WH-Beta (US-West),Same-Day,0.78,3026,1977.4,47,1
ORD-2234,Amazon Logistics,WH-Beta (US-West),Two-Day Air,0.73,3519,1512.5,40,0
ORD-2235,USPS,WH-Gamma (US-Central),Express Air,0.7,4442,1578.0,39,0
ORD-2236,UPS,WH-Beta (US-West),Two-Day Air,0.84,1410,2465.4,67,1
ORD-2237,Amazon Logistics,WH-Alpha (US-East),Standard Ground,0.71,3954,434.5,59,1
ORD-2238,UPS,WH-Delta (US-South),Standard Ground,0.74,2754,1941.8,22,0
ORD-2239,Amazon Logistics,WH-Alpha (US-East),Two-Day Air,0.69,2002,1565.1,24,1
ORD-2240,UPS,WH-Beta (US-West),Express Air,0.73,3735,2145.6,18,0
ORD-2241,DHL,WH-Alpha (US-East),Two-Day Air,0.81,3278,261.5,10,0
ORD-2242,UPS,WH-Gamma (US-Central),Standard Ground,0.82,1328,899.8,57,1
ORD-2243,USPS,WH-Beta (US-West),Two-Day Air,0.94,564,1048.7,63,1
ORD-2244,DHL,WH-Beta (US-West),Same-Day,0.89,505,2091.4,59,0
ORD-2245,FedEx,WH-Beta (US-West),Standard Ground,0.63,4248,545.4,20,1
ORD-2246,UPS,WH-Delta (US-South),Standard Ground,0.52,812,988.8,34,1
ORD-2247,FedEx,WH-Delta (US-South),Two-Day Air,0.84,1698,1351.9,26,0
ORD-2248,DHL,WH-Beta (US-West),Standard Ground,0.78,1566,2382.1,41,1
ORD-2249,FedEx,WH-Beta (US-West),Express Air,0.71,1070,1179.3,20,1
ORD-2250,UPS,WH-Beta (US-West),Express Air,0.51,1710,2274.8,42,1
ORD-2251,Amazon Logistics,WH-Gamma (US-Central),Two-Day Air,0.84,1320,2127.0,67,0
ORD-2252,UPS,WH-Gamma (US-Central),Two-Day Air,0.8,1287,62.7,26,0
ORD-2253,UPS,WH-Beta (US-West),Express Air,0.55,3012,1404.2,45,0
ORD-2254,Amazon Logistics,WH-Gamma (US-Central),Two-Day Air,0.63,4232,1787.0,53,0
ORD-2255,FedEx,WH-Gamma (US-Central),Express Air,0.57,2666,1221.5,4,1
ORD-2256,UPS,WH-Alpha (US-East),Standard Ground,0.67,1500,1435.2,35,0
ORD-2257,Amazon Logistics,WH-Alpha (US-East),Same-Day,0.67,302,534.0,29,0
ORD-2258,UPS,WH-Gamma (US-Central),Same-Day,0.98,4682,2325.2,67,1
ORD-2259,FedEx,WH-Alpha (US-East),Same-Day,0.82,3278,135.7,66,0
ORD-2260,FedEx,WH-Alpha (US-East),Standard Ground,0.57,767,476.6,27,1
ORD-2261,UPS,WH-Alpha (US-East),Two-Day Air,0.76,291,929.0,28,1
ORD-2262,FedEx,WH-Alpha (US-East),Express Air,0.81,2614,135.4,54,0
ORD-2263,FedEx,WH-Alpha (US-East),Same-Day,0.57,3678,1701.1,10,0
ORD-2264,USPS,WH-Gamma (US-Central),Same-Day,0.86,4678,1825.0,21,0
ORD-2265,USPS,WH-Alpha (US-East),Express Air,0.51,1442,156.9,27,1
ORD-2266,FedEx,WH-Delta (US-South),Same-Day,0.69,4620,2333.5,31,0
ORD-2267,Amazon Logistics,WH-Delta (US-South),Standard Ground,0.6,2249,1710.8,61,1
ORD-2268,USPS,WH-Gamma (US-Central),Express Air,0.89,4322,44.4,58,0
ORD-2269,Amazon Logistics,WH-Beta (US-West),Two-Day Air,0.94,3662,211.5,39,0
ORD-2270,USPS,WH-Beta (US-West),Same-Day,0.88,4433,1906.9,24,0
ORD-2271,USPS,WH-Gamma (US-Central),Same-Day,0.97,1174,1706.3,70,0
ORD-2272,UPS,WH-Beta (US-West),Express Air,0.95,3297,2197.1,33,0
ORD-2273,USPS,WH-Alpha (US-East),Same-Day,1.0,2783,985.4,13,0
ORD-2274,USPS,WH-Gamma (US-Central),Standard Ground,0.9,3925,2175.3,32,0
ORD-2275,Amazon Logistics,WH-Beta (US-West),Two-Day Air,0.75,3217,2286.8,29,1
ORD-2276,DHL,WH-Delta (US-South),Standard Ground,0.51,3124,876.3,31,1
ORD-2277,FedEx,WH-Gamma (US-Central),Standard Ground,0.68,3362,1077.0,8,1
ORD-2278,UPS,WH-Gamma (US-Central),Same-Day,0.82,2707,337.4,13,0
ORD-2279,Amazon Logistics,WH-Beta (US-West),Two-Day Air,0.85,549,971.5,54,0
ORD-2280,UPS,WH-Gamma (US-Central),Express Air,0.66,3697,1129.1,47,1
ORD-2281,Amazon Logistics,WH-Delta (US-South),Express Air,0.82,4207,435.0,55,0
ORD-2282,USPS,WH-Beta (US-West),Same-Day,0.76,54,1265.5,23,1
ORD-2283,FedEx,WH-Alpha (US-East),Express Air,0.51,1393,443.1,32,1
ORD-2284,Amazon Logistics,WH-Alpha (US-East),Same-Day,0.53,1796,1381.7,63,1
ORD-2285,FedEx,WH-Alpha (US-East),Same-Day,0.97,2961,860.1,57,0
ORD-2286,FedEx,WH-Gamma (US-Central),Standard Ground,0.62,3669,1158.2,5,1
ORD-2287,DHL,WH-Beta (US-West),Same-Day,0.88,4685,188.4,65,0
ORD-2288,Amazon Logistics,WH-Delta (US-South),Express Air,0.59,1968,1162.1,22,0
ORD-2289,USPS,WH-Beta (US-West),Standard Ground,0.95,3852,1399.1,19,0
ORD-2290,USPS,WH-Alpha (US-East),Express Air,0.91,4559,2494.4,65,1
ORD-2291,USPS,WH-Alpha (US-East),Express Air,0.92,48,1612.6,15,0
ORD-2292,FedEx,WH-Beta (US-West),Two-Day Air,0.59,2706,1249.0,69,0
ORD-2293,FedEx,WH-Beta (US-West),Same-Day,0.68,2718,2071.2,45,0
ORD-2294,UPS,WH-Alpha (US-East),Express Air,0.91,886,431.6,53,0
ORD-2295,Amazon Logistics,WH-Gamma (US-Central),Same-Day,0.57,2071,245.4,49,0
ORD-2296,DHL,WH-Gamma (US-Central),Two-Day Air,0.88,258,379.7,25,0
ORD-2297,FedEx,WH-Alpha (US-East),Standard Ground,0.84,2380,112.7,36,0
ORD-2298,DHL,WH-Gamma (US-Central),Same-Day,0.81,4389,1065.7,41,1
ORD-2299,USPS,WH-Delta (US-South),Express Air,0.62,3128,2048.8,64,0
ORD-2300,UPS,WH-Beta (US-West),Standard Ground,0.74,1708,477.0,23,0
ORD-2301,FedEx,WH-Delta (US-South),Two-Day Air,0.82,4296,1166.1,56,0
ORD-2302,DHL,WH-Alpha (US-East),Express Air,0.92,1715,1244.0,49,0
ORD-2303,UPS,WH-Beta (US-West),Two-Day Air,0.76,2883,2494.3,5,1
ORD-2304,DHL,WH-Alpha (US-East),Express Air,0.85,1857,632.7,71,0
ORD-2305,UPS,WH-Delta (US-South),Standard Ground,0.9,793,229.4,57,1
ORD-2306,DHL,WH-Beta (US-West),Same-Day,0.93,528,46.7,28,1
ORD-2307,USPS,WH-Beta (US-West),Two-Day Air,0.69,2400,1483.8,60,0
ORD-2308,UPS,WH-Delta (US-South),Express Air,0.62,1964,989.4,15,1
ORD-2309,USPS,WH-Beta (US-West),Standard Ground,0.83,4159,1010.9,49,0
ORD-2310,USPS,WH-Delta (US-South),Same-Day,0.54,362,280.4,55,1
ORD-2311,DHL,WH-Alpha (US-East),Standard Ground,0.7,4037,647.3,39,0
ORD-2312,UPS,WH-Alpha (US-East),Standard Ground,0.91,4718,596.5,8,0
ORD-2313,DHL,WH-Gamma (US-Central),Two-Day Air,0.61,222,688.4,38,0
ORD-2314,FedEx,WH-Beta (US-West),Same-Day,0.69,1650,177.4,40,0
ORD-2315,USPS,WH-Gamma (US-Central),Two-Day Air,0.89,1619,948.9,37,0
ORD-2316,USPS,WH-Alpha (US-East),Two-Day Air,0.55,2896,1041.3,11,1
ORD-2317,USPS,WH-Beta (US-West),Same-Day,0.54,2880,817.4,13,0
ORD-2318,USPS,WH-Beta (US-West),Express Air,1.0,399,1258.1,10,0
ORD-2319,USPS,WH-Alpha (US-East),Same-Day,0.6,1021,1170.2,37,0
ORD-2320,USPS,WH-Delta (US-South),Standard Ground,0.86,2709,1446.1,22,0
ORD-2321,FedEx,WH-Gamma (US-Central),Standard Ground,0.88,3691,2262.9,28,1
ORD-2322,USPS,WH-Delta (US-South),Two-Day Air,0.58,4034,365.8,70,1
ORD-2323,UPS,WH-Beta (US-West),Standard Ground,0.65,3523,851.4,56,0
ORD-2324,Amazon Logistics,WH-Alpha (US-East),Two-Day Air,0.74,4541,1649.3,51,1
ORD-2325,USPS,WH-Alpha (US-East),Express Air,0.51,4330,25.4,55,0
ORD-2326,USPS,WH-Beta (US-West),Two-Day Air,0.66,3292,934.6,45,1
ORD-2327,UPS,WH-Gamma (US-Central),Standard Ground,0.88,3727,2078.7,11,1
ORD-2328,FedEx,WH-Beta (US-West),Standard Ground,0.58,36,2406.5,42,0
ORD-2329,Amazon Logistics,WH-Beta (US-West),Standard Ground,0.91,4471,77.0,15,0
ORD-2330,USPS,WH-Alpha (US-East),Same-Day,0.71,4045,2342.0,68,1
ORD-2331,DHL,WH-Gamma (US-Central),Two-Day Air,0.56,1461,403.1,37,1
ORD-2332,FedEx,WH-Gamma (US-Central),Two-Day Air,0.67,3502,1617.3,6,0
ORD-2333,FedEx,WH-Gamma (US-Central),Express Air,0.95,4040,1320.8,33,0
ORD-2334,USPS,WH-Delta (US-South),Standard Ground,0.95,162,1225.9,34,0
ORD-2335,Amazon Logistics,WH-Beta (US-West),Two-Day Air,0.84,1457,1629.8,49,1
ORD-2336,USPS,WH-Beta (US-West),Express Air,0.92,2255,1183.1,53,0
ORD-2337,Amazon Logistics,WH-Gamma (US-Central),Express Air,0.51,4134,1736.0,9,1
ORD-2338,USPS,WH-Gamma (US-Central),Two-Day Air,0.66,4350,1843.7,37,0
ORD-2339,DHL,WH-Delta (US-South),Same-Day,0.76,4047,2166.4,4,0
ORD-2340,DHL,WH-Delta (US-South),Two-Day Air,0.85,2213,2100.2,9,1
ORD-2341,USPS,WH-Gamma (US-Central),Express Air,0.52,4651,1162.5,4,0
ORD-2342,UPS,WH-Gamma (US-Central),Same-Day,0.56,2548,1328.4,52,0
ORD-2343,Amazon Logistics,WH-Delta (US-South),Same-Day,0.74,1089,48.3,44,0
ORD-2344,UPS,WH-Delta (US-South),Express Air,0.77,2770,1411.4,44,1
ORD-2345,UPS,WH-Alpha (US-East),Two-Day Air,0.97,1889,717.6,59,0
ORD-2346,FedEx,WH-Delta (US-South),Express Air,0.62,3067,1702.9,45,0
ORD-2347,USPS,WH-Delta (US-South),Two-Day Air,0.89,1641,167.6,9,0
ORD-2348,FedEx,WH-Beta (US-West),Express Air,0.57,1316,1933.1,24,0
ORD-2349,USPS,WH-Delta (US-South),Standard Ground,0.84,1772,1467.3,11,0
ORD-2350,DHL,WH-Beta (US-West),Two-Day Air,0.69,2770,1028.6,22,0
ORD-2351,Amazon Logistics,WH-Alpha (US-East),Standard Ground,0.5,2094,900.7,37,1
ORD-2352,DHL,WH-Beta (US-West),Same-Day,0.86,2059,516.9,32,0
ORD-2353,Amazon Logistics,WH-Alpha (US-East),Express Air,0.61,2828,1112.1,18,1
ORD-2354,UPS,WH-Delta (US-South),Two-Day Air,0.51,2687,882.5,26,1
ORD-2355,USPS,WH-Gamma (US-Central),Same-Day,0.92,2491,744.1,35,1
ORD-2356,FedEx,WH-Beta (US-West),Two-Day Air,0.61,4256,2347.3,59,0
ORD-2357,USPS,WH-Delta (US-South),Express Air,0.53,1266,2254.4,27,1
ORD-2358,DHL,WH-Alpha (US-East),Express Air,0.9,4395,525.0,49,0
ORD-2359,USPS,WH-Delta (US-South),Standard Ground,0.82,886,736.3,35,0
ORD-2360,FedEx,WH-Beta (US-West),Express Air,0.5,4284,818.3,23,1
ORD-2361,USPS,WH-Beta (US-West),Express Air,0.85,410,288.7,66,0
ORD-2362,FedEx,WH-Beta (US-West),Standard Ground,0.82,1849,456.5,10,0
ORD-2363,DHL,WH-Delta (US-South),Two-Day Air,0.78,4958,1861.6,61,0
ORD-2364,Amazon Logistics,WH-Gamma (US-Central),Express Air,0.64,2446,445.6,27,0
ORD-2365,UPS,WH-Alpha (US-East),Express Air,0.88,3191,2489.2,11,0
ORD-2366,USPS,WH-Alpha (US-East),Express Air,0.87,3070,1560.5,39,0
ORD-2367,UPS,WH-Gamma (US-Central),Standard Ground,0.72,3724,177.9,23,0
ORD-2368,FedEx,WH-Alpha (US-East),Express Air,0.55,4151,1380.9,70,0
ORD-2369,DHL,WH-Beta (US-West),Standard Ground,0.9,1027,2349.7,70,1
ORD-2370,FedEx,WH-Alpha (US-East),Express Air,0.56,1993,313.4,39,1
ORD-2371,UPS,WH-Gamma (US-Central),Express Air,0.79,2976,356.9,6,0
ORD-2372,UPS,WH-Alpha (US-East),Two-Day Air,0.92,2941,1068.1,63,1
ORD-2373,FedEx,WH-Alpha (US-East),Standard Ground,0.9,154,2044.6,20,0
ORD-2374,USPS,WH-Delta (US-South),Express Air,0.65,3247,273.3,63,1
ORD-2375,USPS,WH-Alpha (US-East),Standard Ground,0.84,693,654.7,10,0
ORD-2376,Amazon Logistics,WH-Gamma (US-Central),Standard Ground,0.5,3489,517.7,38,0
ORD-2377,UPS,WH-Beta (US-West),Express Air,0.94,3399,130.0,28,1
ORD-2378,USPS,WH-Delta (US-South),Two-Day Air,0.77,3522,1885.6,38,0
ORD-2379,USPS,WH-Delta (US-South),Express Air,0.53,3708,1499.0,70,0
ORD-2380,DHL,WH-Beta (US-West),Express Air,0.61,4428,696.1,69,0
ORD-2381,UPS,WH-Beta (US-West),Same-Day,0.66,1135,502.5,44,0
ORD-2382,FedEx,WH-Delta (US-South),Standard Ground,0.82,4410,708.9,67,0
ORD-2383,UPS,WH-Beta (US-West),Same-Day,0.83,2374,1575.7,16,0
ORD-2384,UPS,WH-Beta (US-West),Express Air,0.72,2709,1090.0,44,1
ORD-2385,FedEx,WH-Alpha (US-East),Standard Ground,0.93,2780,2346.8,31,0
ORD-2386,UPS,WH-Alpha (US-East),Two-Day Air,0.7,1959,1427.7,57,0
ORD-2387,DHL,WH-Beta (US-West),Express Air,0.69,4321,1263.7,49,0
ORD-2388,UPS,WH-Alpha (US-East),Standard Ground,0.91,3529,2325.5,67,1
ORD-2389,DHL,WH-Delta (US-South),Same-Day,0.7,1274,1158.6,49,0
ORD-2390,Amazon Logistics,WH-Delta (US-South),Standard Ground,0.68,2233,773.0,55,0
ORD-2391,FedEx,WH-Gamma (US-Central),Same-Day,0.51,1876,1883.0,61,0
ORD-2392,Amazon Logistics,WH-Beta (US-West),Same-Day,0.55,2656,1778.1,37,0
ORD-2393,DHL,WH-Alpha (US-East),Standard Ground,0.6,3990,127.1,35,1
ORD-2394,FedEx,WH-Delta (US-South),Two-Day Air,0.64,692,1587.8,51,0
ORD-2395,UPS,WH-Beta (US-West),Standard Ground,0.93,1260,1260.6,6,0
ORD-2396,DHL,WH-Alpha (US-East),Standard Ground,0.72,4875,80.3,70,0
ORD-2397,UPS,WH-Beta (US-West),Express Air,0.68,4667,1486.4,65,0
ORD-2398,DHL,WH-Gamma (US-Central),Express Air,0.84,3226,2164.5,27,1
ORD-2399,Amazon Logistics,WH-Delta (US-South),Same-Day,0.73,2732,2087.3,6,0
ORD-2400,UPS,WH-Delta (US-South),Same-Day,0.98,2934,2053.4,7,0
ORD-2401,FedEx,WH-Alpha (US-East),Express Air,0.72,1392,71.0,58,0
ORD-2402,USPS,WH-Delta (US-South),Same-Day,0.65,4815,262.3,35,0
ORD-2403,DHL,WH-Gamma (US-Central),Two-Day Air,0.99,1398,1738.2,8,0
ORD-2404,UPS,WH-Alpha (US-East),Same-Day,0.77,3872,409.4,27,0
ORD-2405,DHL,WH-Beta (US-West),Standard Ground,1.0,608,1000.3,19,0
ORD-2406,FedEx,WH-Gamma (US-Central),Same-Day,0.78,3231,528.3,18,0
ORD-2407,USPS,WH-Alpha (US-East),Same-Day,0.84,435,560.3,60,0
ORD-2408,USPS,WH-Beta (US-West),Same-Day,0.5,1006,381.0,58,0
ORD-2409,UPS,WH-Beta (US-West),Two-Day Air,0.8,158,1518.5,64,1
ORD-2410,DHL,WH-Beta (US-West),Express Air,0.73,4084,334.9,24,1
ORD-2411,Amazon Logistics,WH-Delta (US-South),Same-Day,0.59,2326,1280.8,15,0
ORD-2412,UPS,WH-Beta (US-West),Same-Day,0.62,2623,2212.2,33,0
ORD-2413,FedEx,WH-Alpha (US-East),Standard Ground,0.63,4509,433.3,23,0
ORD-2414,FedEx,WH-Alpha (US-East),Two-Day Air,0.71,3731,1133.4,10,0
ORD-2415,UPS,WH-Delta (US-South),Same-Day,0.7,1860,863.8,58,1
ORD-2416,FedEx,WH-Beta (US-West),Two-Day Air,0.8,1814,294.8,69,1
ORD-2417,DHL,WH-Alpha (US-East),Standard Ground,0.97,694,1182.2,42,0
ORD-2418,UPS,WH-Alpha (US-East),Standard Ground,0.76,411,1965.3,52,1
ORD-2419,DHL,WH-Beta (US-West),Standard Ground,0.88,2582,223.8,10,0
ORD-2420,UPS,WH-Beta (US-West),Standard Ground,0.67,1251,1654.7,13,0
ORD-2421,UPS,WH-Alpha (US-East),Same-Day,0.7,3040,798.7,25,0
ORD-2422,UPS,WH-Beta (US-West),Same-Day,0.67,1607,1868.9,9,1
ORD-2423,USPS,WH-Alpha (US-East),Standard Ground,0.77,1778,1013.0,50,1
ORD-2424,DHL,WH-Gamma (US-Central),Express Air,0.93,967,1165.1,47,0
ORD-2425,DHL,WH-Alpha (US-East),Two-Day Air,0.88,3544,21.4,65,0
ORD-2426,USPS,WH-Gamma (US-Central),Two-Day Air,0.72,4939,615.4,13,0
ORD-2427,Amazon Logistics,WH-Gamma (US-Central),Express Air,0.65,3547,2286.2,41,0
ORD-2428,DHL,WH-Beta (US-West),Same-Day,0.7,1711,446.6,64,1
ORD-2429,USPS,WH-Beta (US-West),Standard Ground,0.88,1166,841.6,13,0
ORD-2430,FedEx,WH-Alpha (US-East),Express Air,0.6,1829,916.9,20,0
ORD-2431,Amazon Logistics,WH-Delta (US-South),Standard Ground,0.92,4504,1821.7,43,0
ORD-2432,USPS,WH-Delta (US-South),Same-Day,0.78,2000,937.0,47,1
ORD-2433,UPS,WH-Delta (US-South),Same-Day,0.73,433,1616.1,31,1
ORD-2434,Amazon Logistics,WH-Delta (US-South),Two-Day Air,0.96,196,724.6,28,1
ORD-2435,DHL,WH-Delta (US-South),Express Air,0.6,2386,738.5,70,1
ORD-2436,DHL,WH-Beta (US-West),Express Air,0.77,4993,1351.8,8,0
ORD-2437,Amazon Logistics,WH-Beta (US-West),Two-Day Air,0.91,3175,1085.9,58,0
ORD-2438,FedEx,WH-Beta (US-West),Express Air,0.58,4969,2017.3,67,1
ORD-2439,Amazon Logistics,WH-Beta (US-West),Same-Day,0.54,2732,1879.8,10,1
ORD-2440,Amazon Logistics,WH-Gamma (US-Central),Same-Day,0.6,3295,765.0,25,1
ORD-2441,Amazon Logistics,WH-Beta (US-West),Same-Day,0.64,4707,1894.4,11,1
ORD-2442,DHL,WH-Gamma (US-Central),Express Air,0.54,409,1615.8,38,0
ORD-2443,UPS,WH-Gamma (US-Central),Express Air,0.95,4521,938.9,71,0
ORD-2444,Amazon Logistics,WH-Alpha (US-East),Two-Day Air,0.56,959,2258.2,62,1
ORD-2445,DHL,WH-Delta (US-South),Same-Day,0.56,1886,65.1,45,0
ORD-2446,FedEx,WH-Beta (US-West),Two-Day Air,0.86,588,870.7,19,0
ORD-2447,Amazon Logistics,WH-Beta (US-West),Two-Day Air,0.69,2285,1649.7,24,0
ORD-2448,UPS,WH-Delta (US-South),Express Air,0.53,1531,306.2,15,0
ORD-2449,DHL,WH-Alpha (US-East),Express Air,0.56,549,1656.3,19,0
ORD-2450,UPS,WH-Alpha (US-East),Same-Day,0.74,175,2324.4,18,1
ORD-2451,DHL,WH-Beta (US-West),Same-Day,0.92,1014,2456.9,69,1
ORD-2452,Amazon Logistics,WH-Alpha (US-East),Same-Day,0.95,2470,636.8,7,0
ORD-2453,FedEx,WH-Delta (US-South),Express Air,0.87,1614,189.8,58,0
ORD-2454,Amazon Logistics,WH-Delta (US-South),Standard Ground,0.61,2204,2282.0,20,1
ORD-2455,UPS,WH-Alpha (US-East),Two-Day Air,0.77,2860,413.3,69,0
ORD-2456,UPS,WH-Beta (US-West),Same-Day,0.86,4566,31.6,30,0
ORD-2457,UPS,WH-Delta (US-South),Same-Day,0.58,2292,1936.2,32,1
ORD-2458,Amazon Logistics,WH-Gamma (US-Central),Express Air,0.77,3995,573.0,34,0
ORD-2459,DHL,WH-Beta (US-West),Same-Day,0.87,1870,42.9,34,0
ORD-2460,FedEx,WH-Delta (US-South),Express Air,0.64,824,1122.3,47,0
ORD-2461,Amazon Logistics,WH-Alpha (US-East),Express Air,0.9,2494,570.4,57,1
ORD-2462,FedEx,WH-Beta (US-West),Standard Ground,0.7,2760,1031.6,24,1
ORD-2463,DHL,WH-Beta (US-West),Same-Day,0.95,2215,1025.4,41,0
ORD-2464,Amazon Logistics,WH-Beta (US-West),Standard Ground,0.93,1528,1414.9,51,0
ORD-2465,UPS,WH-Gamma (US-Central),Express Air,0.8,3829,962.6,35,1
ORD-2466,Amazon Logistics,WH-Delta (US-South),Same-Day,0.51,2583,853.4,14,1
ORD-2467,UPS,WH-Gamma (US-Central),Same-Day,0.78,1882,2133.2,38,0
ORD-2468,Amazon Logistics,WH-Gamma (US-Central),Two-Day Air,0.88,912,75.9,25,0
ORD-2469,DHL,WH-Alpha (US-East),Two-Day Air,0.6,759,705.5,12,0
ORD-2470,USPS,WH-Beta (US-West),Express Air,0.77,4428,1614.4,19,1
ORD-2471,FedEx,WH-Alpha (US-East),Standard Ground,0.82,4201,2238.6,13,1
ORD-2472,USPS,WH-Beta (US-West),Express Air,0.56,1239,1600.4,67,0
ORD-2473,UPS,WH-Gamma (US-Central),Express Air,0.74,264,1915.5,17,0
ORD-2474,FedEx,WH-Alpha (US-East),Standard Ground,0.6,1431,1613.7,21,0
ORD-2475,Amazon Logistics,WH-Alpha (US-East),Express Air,0.53,2268,1825.3,32,0
ORD-2476,Amazon Logistics,WH-Gamma (US-Central),Same-Day,0.86,44,1555.5,23,0
ORD-2477,DHL,WH-Gamma (US-Central),Standard Ground,0.65,3014,1136.7,66,1
ORD-2478,Amazon Logistics,WH-Alpha (US-East),Two-Day Air,0.93,3608,2360.5,9,0
ORD-2479,UPS,WH-Gamma (US-Central),Express Air,0.69,2713,591.5,34,0
ORD-2480,USPS,WH-Delta (US-South),Express Air,0.72,2025,1237.5,40,0
ORD-2481,Amazon Logistics,WH-Gamma (US-Central),Express Air,0.68,2659,43.7,59,1
ORD-2482,UPS,WH-Delta (US-South),Express Air,0.62,2721,268.5,36,1
ORD-2483,FedEx,WH-Gamma (US-Central),Standard Ground,0.84,385,1451.1,8,0
ORD-2484,DHL,WH-Delta (US-South),Two-Day Air,0.88,4199,1514.8,52,1
ORD-2485,UPS,WH-Delta (US-South),Two-Day Air,0.68,4684,1365.9,69,0
ORD-2486,UPS,WH-Gamma (US-Central),Same-Day,0.63,1764,910.0,40,0
ORD-2487,UPS,WH-Alpha (US-East),Express Air,0.83,3017,2150.2,34,1
ORD-2488,UPS,WH-Gamma (US-Central),Two-Day Air,0.75,1859,774.1,61,0
ORD-2489,DHL,WH-Beta (US-West),Express Air,0.81,3941,2233.0,20,1
ORD-2490,UPS,WH-Alpha (US-East),Two-Day Air,0.91,1662,1574.1,5,0
ORD-2491,Amazon Logistics,WH-Delta (US-South),Same-Day,0.99,2900,251.1,20,0
ORD-2492,DHL,WH-Beta (US-West),Same-Day,0.65,1828,241.0,16,0
ORD-2493,Amazon Logistics,WH-Delta (US-South),Express Air,0.73,207,2008.9,25,0
ORD-2494,UPS,WH-Beta (US-West),Same-Day,0.57,1311,2010.7,16,1
ORD-2495,Amazon Logistics,WH-Alpha (US-East),Same-Day,0.71,1737,902.4,17,1
ORD-2496,FedEx,WH-Beta (US-West),Standard Ground,0.87,3402,416.4,23,0
ORD-2497,USPS,WH-Beta (US-West),Same-Day,0.84,618,2041.4,56,0
ORD-2498,FedEx,WH-Delta (US-South),Two-Day Air,0.93,2210,1018.0,61,0
ORD-2499,USPS,WH-Beta (US-West),Same-Day,0.77,1683,2086.1,59,1
ORD-2500,Amazon Logistics,WH-Delta (US-South),Same-Day,0.95,199,783.5,44,0
ORD-2501,FedEx,WH-Alpha (US-East),Standard Ground,0.79,4580,2436.4,30,1
ORD-2502,DHL,WH-Beta (US-West),Express Air,0.75,1107,412.2,50,1
ORD-2503,UPS,WH-Beta (US-West),Express Air,0.68,2228,1346.1,4,1
ORD-2504,Amazon Logistics,WH-Beta (US-West),Same-Day,0.94,346,826.7,27,1
ORD-2505,UPS,WH-Gamma (US-Central),Standard Ground,0.53,3498,1910.6,42,0
ORD-2506,UPS,WH-Delta (US-South),Same-Day,0.83,4444,2273.2,63,1
ORD-2507,UPS,WH-Alpha (US-East),Standard Ground,0.51,3258,1344.7,60,0
ORD-2508,FedEx,WH-Alpha (US-East),Same-Day,0.93,3488,376.9,12,0
ORD-2509,DHL,WH-Gamma (US-Central),Two-Day Air,0.87,673,1599.2,5,0
ORD-2510,FedEx,WH-Delta (US-South),Same-Day,0.75,2472,1011.8,21,0
ORD-2511,Amazon Logistics,WH-Gamma (US-Central),Two-Day Air,1.0,2018,1371.5,70,1
ORD-2512,USPS,WH-Delta (US-South),Two-Day Air,0.7,3817,2335.8,69,1
ORD-2513,USPS,WH-Gamma (US-Central),Two-Day Air,0.53,1152,1875.3,52,0
ORD-2514,DHL,WH-Delta (US-South),Same-Day,0.57,2507,1509.5,60,1
ORD-2515,USPS,WH-Alpha (US-East),Two-Day Air,0.95,114,1645.1,38,0
ORD-2516,UPS,WH-Gamma (US-Central),Standard Ground,0.61,4415,1590.2,11,1
ORD-2517,USPS,WH-Beta (US-West),Same-Day,0.58,651,1295.6,21,0
ORD-2518,DHL,WH-Gamma (US-Central),Standard Ground,0.58,164,477.3,5,1
ORD-2519,Amazon Logistics,WH-Delta (US-South),Standard Ground,0.96,727,640.1,58,0
ORD-2520,UPS,WH-Delta (US-South),Express Air,0.64,3116,134.9,37,1
ORD-2521,FedEx,WH-Delta (US-South),Express Air,0.95,3141,467.6,6,0
ORD-2522,UPS,WH-Alpha (US-East),Same-Day,0.59,4520,134.8,18,0
ORD-2523,UPS,WH-Beta (US-West),Two-Day Air,0.82,3133,1913.6,21,0
ORD-2524,USPS,WH-Gamma (US-Central),Same-Day,0.6,637,612.4,68,0
ORD-2525,USPS,WH-Gamma (US-Central),Same-Day,0.62,1249,147.9,10,0
ORD-2526,UPS,WH-Gamma (US-Central),Standard Ground,0.95,4807,216.4,35,0
ORD-2527,FedEx,WH-Delta (US-South),Same-Day,0.99,704,1308.6,54,0
ORD-2528,UPS,WH-Gamma (US-Central),Two-Day Air,0.64,3716,1358.0,53,1
ORD-2529,UPS,WH-Delta (US-South),Express Air,0.86,4888,2494.2,65,0
ORD-2530,UPS,WH-Gamma (US-Central),Same-Day,0.62,853,344.8,66,0
ORD-2531,USPS,WH-Gamma (US-Central),Standard Ground,0.75,2658,1788.8,48,1
ORD-2532,Amazon Logistics,WH-Gamma (US-Central),Standard Ground,0.8,122,2193.8,44,1
ORD-2533,USPS,WH-Alpha (US-East),Same-Day,0.91,1758,124.8,4,0
ORD-2534,Amazon Logistics,WH-Delta (US-South),Same-Day,0.65,2753,1700.8,23,0
ORD-2535,DHL,WH-Alpha (US-East),Same-Day,0.53,729,1573.1,16,0
ORD-2536,USPS,WH-Beta (US-West),Two-Day Air,0.99,2276,844.5,54,0
ORD-2537,USPS,WH-Gamma (US-Central),Same-Day,0.8,2834,820.2,51,1
ORD-2538,FedEx,WH-Alpha (US-East),Express Air,0.69,4469,1392.0,26,1
ORD-2539,Amazon Logistics,WH-Gamma (US-Central),Same-Day,0.57,4407,1530.5,20,1
ORD-2540,USPS,WH-Beta (US-West),Express Air,1.0,4523,2230.2,25,0
ORD-2541,USPS,WH-Delta (US-South),Express Air,0.66,2805,1576.9,71,0
ORD-2542,USPS,WH-Alpha (US-East),Same-Day,0.72,772,660.0,23,0
ORD-2543,FedEx,WH-Delta (US-South),Two-Day Air,0.73,1314,1799.9,67,0
ORD-2544,FedEx,WH-Beta (US-West),Express Air,0.5,913,320.0,9,0
ORD-2545,FedEx,WH-Delta (US-South),Same-Day,0.7,1903,1883.7,16,1
ORD-2546,USPS,WH-Alpha (US-East),Two-Day Air,0.91,3213,747.1,32,0
ORD-2547,FedEx,WH-Beta (US-West),Same-Day,0.72,4362,781.9,46,0
ORD-2548,Amazon Logistics,WH-Delta (US-South),Express Air,0.56,1793,1307.7,62,1
ORD-2549,FedEx,WH-Gamma (US-Central),Standard Ground,0.88,4637,1129.0,47,1
ORD-2550,USPS,WH-Beta (US-West),Standard Ground,0.67,2473,1023.5,10,0
ORD-2551,USPS,WH-Gamma (US-Central),Standard Ground,1.0,1266,842.6,21,0
ORD-2552,FedEx,WH-Delta (US-South),Two-Day Air,0.58,4567,116.5,34,1
ORD-2553,FedEx,WH-Gamma (US-Central),Standard Ground,0.75,2139,563.4,40,1
ORD-2554,USPS,WH-Beta (US-West),Same-Day,0.65,4520,128.6,46,0
ORD-2555,USPS,WH-Gamma (US-Central),Two-Day Air,0.83,4493,1729.1,60,1
ORD-2556,FedEx,WH-Alpha (US-East),Same-Day,1.0,2435,1979.7,57,1
ORD-2557,DHL,WH-Delta (US-South),Express Air,0.59,568,429.2,16,0
ORD-2558,USPS,WH-Beta (US-West),Express Air,0.7,1127,303.2,59,0
ORD-2559,USPS,WH-Gamma (US-Central),Express Air,0.86,653,357.5,56,0
ORD-2560,DHL,WH-Gamma (US-Central),Two-Day Air,0.98,1979,1287.4,64,0
ORD-2561,Amazon Logistics,WH-Delta (US-South),Two-Day Air,0.79,796,1736.8,18,1
ORD-2562,USPS,WH-Delta (US-South),Express Air,0.58,2361,1864.1,28,0
ORD-2563,FedEx,WH-Gamma (US-Central),Two-Day Air,0.86,3985,377.8,11,0
ORD-2564,UPS,WH-Gamma (US-Central),Same-Day,0.59,1885,866.4,24,0
ORD-2565,DHL,WH-Delta (US-South),Two-Day Air,0.59,4573,53.2,38,0
ORD-2566,DHL,WH-Delta (US-South),Express Air,0.98,1178,896.1,59,0
ORD-2567,USPS,WH-Alpha (US-East),Same-Day,0.87,2067,1291.7,40,0
ORD-2568,UPS,WH-Delta (US-South),Express Air,0.97,2998,21.7,19,0
ORD-2569,UPS,WH-Beta (US-West),Standard Ground,0.51,2653,1772.3,26,0
ORD-2570,DHL,WH-Delta (US-South),Same-Day,0.82,4907,869.7,34,0
ORD-2571,DHL,WH-Beta (US-West),Same-Day,0.89,972,1547.3,64,0
ORD-2572,USPS,WH-Delta (US-South),Two-Day Air,0.52,1412,579.7,38,0
ORD-2573,USPS,WH-Gamma (US-Central),Two-Day Air,0.88,4042,927.3,12,0
ORD-2574,UPS,WH-Alpha (US-East),Same-Day,0.87,4389,2063.9,43,0
ORD-2575,FedEx,WH-Gamma (US-Central),Two-Day Air,0.86,4394,652.7,10,0
ORD-2576,USPS,WH-Beta (US-West),Standard Ground,0.81,1580,980.2,41,0
ORD-2577,FedEx,WH-Alpha (US-East),Same-Day,0.96,4622,35.1,41,0
ORD-2578,Amazon Logistics,WH-Gamma (US-Central),Standard Ground,0.75,2472,1931.5,11,0
ORD-2579,USPS,WH-Gamma (US-Central),Express Air,0.59,1311,520.5,30,0
ORD-2580,USPS,WH-Gamma (US-Central),Same-Day,0.71,874,1266.1,40,0
ORD-2581,FedEx,WH-Gamma (US-Central),Express Air,0.99,1965,1775.1,23,1
ORD-2582,Amazon Logistics,WH-Gamma (US-Central),Two-Day Air,0.7,183,2081.9,32,0
ORD-2583,UPS,WH-Beta (US-West),Two-Day Air,0.58,1745,1317.6,6,1
ORD-2584,FedEx,WH-Beta (US-West),Two-Day Air,0.76,1149,848.5,71,0
ORD-2585,FedEx,WH-Beta (US-West),Express Air,0.96,4561,640.7,28,0
ORD-2586,DHL,WH-Delta (US-South),Standard Ground,0.5,2106,1898.5,20,1
ORD-2587,Amazon Logistics,WH-Delta (US-South),Same-Day,0.61,2197,1655.8,48,0
ORD-2588,DHL,WH-Alpha (US-East),Standard Ground,0.88,1753,494.6,24,0
ORD-2589,Amazon Logistics,WH-Alpha (US-East),Standard Ground,0.9,552,1721.7,11,1
ORD-2590,UPS,WH-Beta (US-West),Express Air,0.51,4571,1550.0,46,1
ORD-2591,Amazon Logistics,WH-Alpha (US-East),Two-Day Air,0.55,3733,739.5,56,1
ORD-2592,Amazon Logistics,WH-Gamma (US-Central),Express Air,0.65,675,589.4,10,1
ORD-2593,Amazon Logistics,WH-Gamma (US-Central),Express Air,0.57,767,2329.3,68,1
ORD-2594,UPS,WH-Delta (US-South),Express Air,0.74,2618,1700.1,23,0
ORD-2595,UPS,WH-Delta (US-South),Same-Day,0.52,3132,611.7,54,1
ORD-2596,Amazon Logistics,WH-Beta (US-West),Same-Day,0.95,3994,191.3,50,0
ORD-2597,DHL,WH-Delta (US-South),Two-Day Air,0.85,918,538.6,11,1
ORD-2598,UPS,WH-Beta (US-West),Express Air,0.85,4302,897.3,10,1
ORD-2599,DHL,WH-Gamma (US-Central),Express Air,0.71,4816,2059.5,69,1
ORD-2600,Amazon Logistics,WH-Beta (US-West),Express Air,0.53,2858,251.2,7,0
ORD-2601,DHL,WH-Gamma (US-Central),Two-Day Air,0.86,4572,735.0,17,0
ORD-2602,Amazon Logistics,WH-Alpha (US-East),Same-Day,0.59,4259,2410.6,33,1
ORD-2603,UPS,WH-Alpha (US-East),Two-Day Air,0.73,2162,164.0,20,0
ORD-2604,FedEx,WH-Delta (US-South),Same-Day,0.93,901,1924.1,35,0
ORD-2605,UPS,WH-Beta (US-West),Standard Ground,0.53,3910,2044.4,8,0
ORD-2606,FedEx,WH-Alpha (US-East),Standard Ground,0.7,3370,401.8,49,0
ORD-2607,UPS,WH-Delta (US-South),Standard Ground,0.65,933,682.2,65,1
ORD-2608,FedEx,WH-Delta (US-South),Two-Day Air,0.98,1079,639.7,32,0
ORD-2609,Amazon Logistics,WH-Gamma (US-Central),Two-Day Air,0.66,2080,326.3,17,1
ORD-2610,Amazon Logistics,WH-Beta (US-West),Standard Ground,0.91,2510,2111.8,58,0
ORD-2611,Amazon Logistics,WH-Gamma (US-Central),Standard Ground,0.55,1246,1906.6,12,1
ORD-2612,FedEx,WH-Delta (US-South),Standard Ground,0.62,4644,1797.9,21,1
ORD-2613,DHL,WH-Alpha (US-East),Two-Day Air,0.72,2279,1930.3,20,1
ORD-2614,DHL,WH-Beta (US-West),Standard Ground,0.54,205,2386.9,51,1
ORD-2615,FedEx,WH-Delta (US-South),Express Air,0.61,3465,426.4,29,0
ORD-2616,FedEx,WH-Gamma (US-Central),Two-Day Air,0.61,479,1446.1,52,0
ORD-2617,DHL,WH-Beta (US-West),Two-Day Air,0.6,3794,21.6,57,0
ORD-2618,FedEx,WH-Beta (US-West),Two-Day Air,0.55,1381,521.8,8,1
ORD-2619,UPS,WH-Delta (US-South),Standard Ground,0.72,4484,1022.4,55,0
ORD-2620,USPS,WH-Beta (US-West),Standard Ground,0.82,4787,1608.7,58,0
ORD-2621,Amazon Logistics,WH-Alpha (US-East),Standard Ground,0.82,4371,1278.9,10,1
ORD-2622,DHL,WH-Beta (US-West),Same-Day,0.9,4162,2491.1,65,1
ORD-2623,Amazon Logistics,WH-Gamma (US-Central),Express Air,0.6,350,1674.5,29,0
ORD-2624,Amazon Logistics,WH-Alpha (US-East),Standard Ground,0.57,3781,1774.1,40,1
ORD-2625,FedEx,WH-Gamma (US-Central),Standard Ground,0.94,909,930.6,65,1
ORD-2626,FedEx,WH-Alpha (US-East),Express Air,0.9,3596,747.1,68,0
ORD-2627,FedEx,WH-Gamma (US-Central),Same-Day,0.96,190,1264.9,11,0
ORD-2628,DHL,WH-Beta (US-West),Express Air,0.8,640,1486.6,25,0
ORD-2629,Amazon Logistics,WH-Alpha (US-East),Same-Day,0.73,4735,641.2,51,0
ORD-2630,FedEx,WH-Alpha (US-East),Standard Ground,0.71,1598,2035.1,12,0
ORD-2631,USPS,WH-Gamma (US-Central),Standard Ground,0.82,2642,1126.4,22,0
ORD-2632,FedEx,WH-Beta (US-West),Standard Ground,0.94,2227,2040.2,41,0
ORD-2633,USPS,WH-Gamma (US-Central),Two-Day Air,0.91,2580,1644.3,67,0
ORD-2634,USPS,WH-Alpha (US-East),Express Air,0.9,4103,1841.9,25,1
ORD-2635,Amazon Logistics,WH-Beta (US-West),Two-Day Air,0.76,861,1993.4,20,0
ORD-2636,FedEx,WH-Beta (US-West),Two-Day Air,0.91,1660,2152.1,12,1
ORD-2637,Amazon Logistics,WH-Gamma (US-Central),Express Air,0.71,3241,1780.4,46,1
ORD-2638,UPS,WH-Beta (US-West),Two-Day Air,0.78,3571,448.6,24,0
ORD-2639,UPS,WH-Delta (US-South),Same-Day,0.71,2033,1601.8,31,1
ORD-2640,USPS,WH-Beta (US-West),Two-Day Air,0.81,906,719.4,55,0
ORD-2641,USPS,WH-Alpha (US-East),Same-Day,0.79,3374,1028.3,67,1
ORD-2642,DHL,WH-Beta (US-West),Same-Day,0.94,3152,2109.2,47,0
ORD-2643,Amazon Logistics,WH-Delta (US-South),Same-Day,0.66,3461,1821.3,9,0
ORD-2644,FedEx,WH-Delta (US-South),Express Air,0.93,3132,1394.9,17,1
ORD-2645,UPS,WH-Beta (US-West),Two-Day Air,0.92,2223,2277.8,43,1
ORD-2646,FedEx,WH-Delta (US-South),Standard Ground,0.72,2660,831.4,59,0
ORD-2647,USPS,WH-Delta (US-South),Standard Ground,0.64,4200,2115.1,54,1
ORD-2648,Amazon Logistics,WH-Alpha (US-East),Two-Day Air,0.59,2325,181.2,54,1
ORD-2649,FedEx,WH-Gamma (US-Central),Standard Ground,0.6,3390,2331.6,23,0
ORD-2650,USPS,WH-Gamma (US-Central),Same-Day,0.65,3649,1910.5,54,1
ORD-2651,FedEx,WH-Alpha (US-East),Same-Day,0.72,4096,1707.7,63,1
ORD-2652,DHL,WH-Gamma (US-Central),Express Air,0.97,515,502.8,61,0
ORD-2653,UPS,WH-Beta (US-West),Express Air,0.89,695,597.6,6,0
ORD-2654,UPS,WH-Alpha (US-East),Express Air,0.7,1503,287.5,28,0
ORD-2655,USPS,WH-Beta (US-West),Same-Day,0.54,4030,57.8,24,0
ORD-2656,UPS,WH-Alpha (US-East),Two-Day Air,0.65,3427,1066.7,41,1
ORD-2657,Amazon Logistics,WH-Beta (US-West),Standard Ground,0.93,2482,2320.6,55,1
ORD-2658,UPS,WH-Beta (US-West),Express Air,0.81,3544,389.1,66,0
ORD-2659,FedEx,WH-Delta (US-South),Standard Ground,0.94,4058,2281.4,28,0
ORD-2660,USPS,WH-Beta (US-West),Standard Ground,0.55,907,762.9,37,0
ORD-2661,USPS,WH-Gamma (US-Central),Same-Day,0.61,2667,2024.2,56,1
ORD-2662,UPS,WH-Gamma (US-Central),Express Air,0.66,176,88.6,25,0
ORD-2663,UPS,WH-Beta (US-West),Standard Ground,0.83,4007,266.0,35,0
ORD-2664,Amazon Logistics,WH-Gamma (US-Central),Same-Day,0.98,4629,773.1,18,0
ORD-2665,USPS,WH-Beta (US-West),Express Air,0.55,638,2208.8,24,1
ORD-2666,Amazon Logistics,WH-Alpha (US-East),Two-Day Air,0.69,2559,646.3,69,1
ORD-2667,Amazon Logistics,WH-Delta (US-South),Two-Day Air,0.94,3071,1461.7,52,0
ORD-2668,UPS,WH-Beta (US-West),Two-Day Air,0.54,3477,1735.2,29,0
ORD-2669,DHL,WH-Delta (US-South),Same-Day,0.97,4017,1010.7,10,0
ORD-2670,UPS,WH-Beta (US-West),Two-Day Air,0.55,235,1071.3,58,1
ORD-2671,FedEx,WH-Delta (US-South),Express Air,0.92,316,1643.3,49,0
ORD-2672,FedEx,WH-Gamma (US-Central),Two-Day Air,0.93,2724,2084.2,17,0
ORD-2673,FedEx,WH-Gamma (US-Central),Standard Ground,0.98,24,2415.8,56,1
ORD-2674,DHL,WH-Alpha (US-East),Same-Day,0.51,208,613.9,20,0
ORD-2675,USPS,WH-Delta (US-South),Same-Day,0.77,913,1568.5,46,0
ORD-2676,DHL,WH-Gamma (US-Central),Two-Day Air,0.71,2638,181.3,27,1
ORD-2677,USPS,WH-Beta (US-West),Two-Day Air,0.74,550,2218.2,16,1
ORD-2678,FedEx,WH-Beta (US-West),Two-Day Air,0.81,2034,2394.3,4,0
ORD-2679,DHL,WH-Alpha (US-East),Two-Day Air,0.72,3934,202.1,66,0
ORD-2680,FedEx,WH-Delta (US-South),Two-Day Air,0.59,4253,165.8,5,1
ORD-2681,USPS,WH-Gamma (US-Central),Express Air,0.74,2680,1056.4,34,1
ORD-2682,UPS,WH-Alpha (US-East),Express Air,0.78,2956,946.5,7,0
ORD-2683,UPS,WH-Gamma (US-Central),Express Air,0.55,1028,349.1,54,0
ORD-2684,DHL,WH-Beta (US-West),Two-Day Air,0.71,2897,733.3,23,1
ORD-2685,FedEx,WH-Delta (US-South),Standard Ground,0.5,3268,1017.1,58,1
ORD-2686,FedEx,WH-Beta (US-West),Same-Day,0.76,956,957.8,27,1
ORD-2687,FedEx,WH-Gamma (US-Central),Standard Ground,0.74,711,2040.1,32,0
ORD-2688,UPS,WH-Delta (US-South),Express Air,0.59,2658,1320.4,69,1
ORD-2689,Amazon Logistics,WH-Gamma (US-Central),Same-Day,0.75,1563,686.9,13,0
ORD-2690,Amazon Logistics,WH-Gamma (US-Central),Same-Day,0.78,4060,865.0,65,0
ORD-2691,DHL,WH-Alpha (US-East),Standard Ground,0.66,4730,1605.7,62,0
ORD-2692,FedEx,WH-Gamma (US-Central),Standard Ground,0.91,3641,2315.2,22,0
ORD-2693,UPS,WH-Gamma (US-Central),Same-Day,0.52,4014,245.2,60,1
ORD-2694,Amazon Logistics,WH-Beta (US-West),Standard Ground,0.88,926,1052.5,64,1
ORD-2695,DHL,WH-Beta (US-West),Express Air,0.64,4207,2408.8,49,1
ORD-2696,UPS,WH-Beta (US-West),Standard Ground,0.61,2673,264.8,37,0
ORD-2697,USPS,WH-Gamma (US-Central),Standard Ground,0.92,2554,1229.0,16,1
ORD-2698,UPS,WH-Alpha (US-East),Express Air,0.8,2355,1229.0,53,0
ORD-2699,DHL,WH-Gamma (US-Central),Standard Ground,0.68,4257,305.7,36,1
ORD-2700,UPS,WH-Beta (US-West),Same-Day,0.5,4200,1477.3,30,0
ORD-2701,DHL,WH-Gamma (US-Central),Express Air,0.68,726,838.0,70,0
ORD-2702,Amazon Logistics,WH-Delta (US-South),Same-Day,0.86,1347,2364.6,57,1
ORD-2703,FedEx,WH-Alpha (US-East),Express Air,0.51,103,1488.5,22,0
ORD-2704,USPS,WH-Gamma (US-Central),Standard Ground,0.87,2219,251.2,68,0
ORD-2705,UPS,WH-Alpha (US-East),Standard Ground,0.91,475,982.3,54,0
ORD-2706,UPS,WH-Gamma (US-Central),Standard Ground,0.85,1726,227.7,5,0
ORD-2707,DHL,WH-Alpha (US-East),Two-Day Air,0.8,2951,1560.3,21,0
ORD-2708,UPS,WH-Beta (US-West),Same-Day,0.7,1076,2234.4,41,0
ORD-2709,DHL,WH-Beta (US-West),Same-Day,0.6,4948,290.8,35,0
ORD-2710,FedEx,WH-Gamma (US-Central),Same-Day,0.82,1998,517.1,49,0
ORD-2711,UPS,WH-Delta (US-South),Standard Ground,0.62,4394,1929.1,25,0
ORD-2712,USPS,WH-Gamma (US-Central),Express Air,0.87,2700,1946.7,36,0
ORD-2713,Amazon Logistics,WH-Alpha (US-East),Same-Day,0.84,4980,875.0,66,0
ORD-2714,USPS,WH-Beta (US-West),Two-Day Air,0.86,3285,2251.0,18,1
ORD-2715,UPS,WH-Delta (US-South),Standard Ground,0.67,3636,1058.7,54,1
ORD-2716,DHL,WH-Delta (US-South),Two-Day Air,0.83,285,415.3,46,0
ORD-2717,FedEx,WH-Delta (US-South),Standard Ground,0.93,4788,219.4,28,0
ORD-2718,USPS,WH-Beta (US-West),Same-Day,0.7,114,2028.8,53,0
ORD-2719,DHL,WH-Alpha (US-East),Same-Day,0.85,138,1639.9,9,0
ORD-2720,Amazon Logistics,WH-Beta (US-West),Standard Ground,0.82,275,370.9,9,1
ORD-2721,UPS,WH-Delta (US-South),Express Air,0.64,946,1338.5,59,1
ORD-2722,FedEx,WH-Beta (US-West),Standard Ground,0.87,3288,1038.2,9,0
ORD-2723,DHL,WH-Gamma (US-Central),Same-Day,0.51,1215,2293.3,25,0
ORD-2724,Amazon Logistics,WH-Delta (US-South),Standard Ground,0.64,2026,781.9,64,0
ORD-2725,DHL,WH-Alpha (US-East),Express Air,0.63,1313,1437.5,8,0
ORD-2726,UPS,WH-Beta (US-West),Standard Ground,0.96,932,1813.6,15,0
ORD-2727,FedEx,WH-Delta (US-South),Same-Day,0.57,2608,2280.5,59,0
ORD-2728,Amazon Logistics,WH-Gamma (US-Central),Standard Ground,0.8,292,208.0,11,0
ORD-2729,USPS,WH-Beta (US-West),Express Air,0.78,1583,1393.8,60,1
ORD-2730,FedEx,WH-Delta (US-South),Standard Ground,0.58,1611,2039.9,34,0
ORD-2731,FedEx,WH-Gamma (US-Central),Same-Day,0.5,4342,318.8,19,1
ORD-2732,USPS,WH-Alpha (US-East),Same-Day,0.57,1918,2381.8,71,1
ORD-2733,FedEx,WH-Delta (US-South),Express Air,0.5,1210,1558.5,4,0
ORD-2734,USPS,WH-Gamma (US-Central),Same-Day,0.87,2339,1946.7,21,1
ORD-2735,UPS,WH-Alpha (US-East),Same-Day,0.94,4855,1893.7,51,0
ORD-2736,FedEx,WH-Beta (US-West),Same-Day,0.75,899,60.6,24,0
ORD-2737,Amazon Logistics,WH-Delta (US-South),Two-Day Air,0.97,2431,1141.3,55,0
ORD-2738,FedEx,WH-Alpha (US-East),Two-Day Air,0.56,1376,1890.7,12,0
ORD-2739,DHL,WH-Delta (US-South),Same-Day,0.63,439,701.8,31,0
ORD-2740,FedEx,WH-Beta (US-West),Standard Ground,0.94,628,632.1,54,1
ORD-2741,Amazon Logistics,WH-Alpha (US-East),Same-Day,0.92,2596,2005.6,19,0
ORD-2742,UPS,WH-Gamma (US-Central),Express Air,1.0,371,1650.5,7,0
ORD-2743,UPS,WH-Beta (US-West),Same-Day,0.61,412,255.3,14,0
ORD-2744,FedEx,WH-Beta (US-West),Same-Day,0.63,278,1613.6,60,0
ORD-2745,UPS,WH-Delta (US-South),Standard Ground,0.82,2101,1608.6,68,0
ORD-2746,Amazon Logistics,WH-Beta (US-West),Express Air,0.76,3926,508.6,35,0
ORD-2747,Amazon Logistics,WH-Beta (US-West),Express Air,0.5,1741,288.7,36,0
ORD-2748,USPS,WH-Gamma (US-Central),Express Air,0.83,3084,1743.5,60,1
ORD-2749,FedEx,WH-Gamma (US-Central),Express Air,0.68,2834,790.8,45,0
ORD-2750,USPS,WH-Delta (US-South),Two-Day Air,0.85,4126,925.5,47,1
ORD-2751,USPS,WH-Alpha (US-East),Two-Day Air,0.94,582,2030.2,40,1
ORD-2752,Amazon Logistics,WH-Delta (US-South),Two-Day Air,0.79,2912,713.1,53,0
ORD-2753,FedEx,WH-Delta (US-South),Express Air,0.77,4663,2244.6,53,0
ORD-2754,UPS,WH-Delta (US-South),Express Air,0.78,443,810.3,27,0
ORD-2755,UPS,WH-Beta (US-West),Standard Ground,0.89,3309,1378.4,5,1
ORD-2756,UPS,WH-Gamma (US-Central),Express Air,0.87,4250,2350.8,15,0
ORD-2757,USPS,WH-Beta (US-West),Two-Day Air,0.71,2628,1143.2,35,1
ORD-2758,DHL,WH-Delta (US-South),Two-Day Air,0.99,3049,2457.5,36,0
ORD-2759,FedEx,WH-Alpha (US-East),Two-Day Air,0.97,2174,2042.8,25,0
ORD-2760,Amazon Logistics,WH-Gamma (US-Central),Standard Ground,0.66,1714,911.3,12,1
ORD-2761,FedEx,WH-Gamma (US-Central),Two-Day Air,0.72,1083,1352.4,34,0
ORD-2762,DHL,WH-Gamma (US-Central),Express Air,0.73,4770,1230.4,43,0
ORD-2763,DHL,WH-Gamma (US-Central),Same-Day,0.56,2320,2344.6,71,1
ORD-2764,UPS,WH-Beta (US-West),Two-Day Air,0.75,4853,955.8,28,1
ORD-2765,Amazon Logistics,WH-Beta (US-West),Express Air,0.77,4096,668.4,12,0
ORD-2766,UPS,WH-Gamma (US-Central),Same-Day,0.99,1702,1493.8,16,0
ORD-2767,FedEx,WH-Alpha (US-East),Two-Day Air,0.54,954,1208.1,39,1
ORD-2768,UPS,WH-Alpha (US-East),Express Air,0.75,3411,1448.8,46,0
ORD-2769,DHL,WH-Gamma (US-Central),Standard Ground,0.88,1995,1013.4,9,1
ORD-2770,UPS,WH-Alpha (US-East),Express Air,0.95,4082,1333.0,67,0
ORD-2771,USPS,WH-Alpha (US-East),Same-Day,0.53,515,1712.9,36,0
ORD-2772,USPS,WH-Gamma (US-Central),Two-Day Air,0.79,1993,1027.5,58,0
ORD-2773,USPS,WH-Beta (US-West),Express Air,0.51,3379,1606.9,36,0
ORD-2774,USPS,WH-Beta (US-West),Two-Day Air,0.55,1603,1450.8,50,0
ORD-2775,FedEx,WH-Alpha (US-East),Two-Day Air,0.52,3333,295.3,53,1
ORD-2776,Amazon Logistics,WH-Alpha (US-East),Standard Ground,0.73,4062,618.7,20,1
ORD-2777,FedEx,WH-Gamma (US-Central),Express Air,1.0,4188,585.5,70,0
ORD-2778,FedEx,WH-Delta (US-South),Standard Ground,0.79,3185,946.9,67,0
ORD-2779,DHL,WH-Delta (US-South),Same-Day,0.57,4570,2124.5,52,1
ORD-2780,USPS,WH-Delta (US-South),Express Air,0.73,1956,449.7,68,1
ORD-2781,UPS,WH-Delta (US-South),Standard Ground,0.82,4964,2323.9,8,0
ORD-2782,Amazon Logistics,WH-Delta (US-South),Standard Ground,0.72,3712,581.1,57,1
ORD-2783,UPS,WH-Alpha (US-East),Express Air,0.65,3541,1378.4,24,1
ORD-2784,UPS,WH-Delta (US-South),Same-Day,0.54,4740,2060.5,36,1
ORD-2785,USPS,WH-Gamma (US-Central),Same-Day,0.6,4255,1120.0,71,0
ORD-2786,FedEx,WH-Beta (US-West),Standard Ground,0.61,879,2460.6,50,1
ORD-2787,USPS,WH-Alpha (US-East),Two-Day Air,0.91,3079,1421.5,70,0
ORD-2788,FedEx,WH-Gamma (US-Central),Same-Day,0.83,2374,2032.7,47,1
ORD-2789,Amazon Logistics,WH-Beta (US-West),Standard Ground,0.77,3297,936.6,38,1
ORD-2790,Amazon Logistics,WH-Beta (US-West),Standard Ground,0.52,3508,1844.3,59,1
ORD-2791,USPS,WH-Delta (US-South),Same-Day,0.94,3733,1097.5,8,0
ORD-2792,USPS,WH-Gamma (US-Central),Standard Ground,0.76,1256,1770.1,27,1
ORD-2793,UPS,WH-Delta (US-South),Standard Ground,0.9,1071,621.7,32,0
ORD-2794,USPS,WH-Beta (US-West),Express Air,0.54,4042,164.2,4,1
ORD-2795,Amazon Logistics,WH-Beta (US-West),Standard Ground,0.59,1798,360.3,38,0
ORD-2796,UPS,WH-Alpha (US-East),Same-Day,0.65,4345,1031.7,17,0
ORD-2797,UPS,WH-Delta (US-South),Express Air,0.96,724,1071.7,44,0
ORD-2798,Amazon Logistics,WH-Alpha (US-East),Express Air,0.78,1777,2435.3,8,1
ORD-2799,FedEx,WH-Beta (US-West),Express Air,0.87,764,1464.7,66,1
ORD-2800,FedEx,WH-Alpha (US-East),Standard Ground,0.62,1180,2203.2,9,0
ORD-2801,DHL,WH-Delta (US-South),Standard Ground,0.64,2190,659.7,46,0
ORD-2802,Amazon Logistics,WH-Gamma (US-Central),Two-Day Air,0.8,4904,1190.9,65,1
ORD-2803,Amazon Logistics,WH-Alpha (US-East),Same-Day,0.79,4296,1310.0,47,0
ORD-2804,FedEx,WH-Alpha (US-East),Standard Ground,0.77,3795,670.9,61,1
ORD-2805,Amazon Logistics,WH-Beta (US-West),Express Air,0.63,807,1007.0,24,0
ORD-2806,FedEx,WH-Beta (US-West),Standard Ground,0.81,2173,665.4,69,1
ORD-2807,FedEx,WH-Beta (US-West),Express Air,0.92,265,1939.8,55,0
ORD-2808,FedEx,WH-Delta (US-South),Express Air,0.95,3491,1268.4,9,1
ORD-2809,UPS,WH-Gamma (US-Central),Standard Ground,0.71,2606,2261.8,22,1
ORD-2810,DHL,WH-Delta (US-South),Two-Day Air,0.62,2970,1849.6,9,0
ORD-2811,DHL,WH-Delta (US-South),Two-Day Air,0.61,4131,767.2,30,0
ORD-2812,UPS,WH-Beta (US-West),Standard Ground,0.57,4857,1078.2,9,0
ORD-2813,FedEx,WH-Gamma (US-Central),Two-Day Air,0.62,4403,620.6,23,1
ORD-2814,FedEx,WH-Alpha (US-East),Same-Day,0.68,3091,1106.6,27,1
ORD-2815,USPS,WH-Alpha (US-East),Two-Day Air,0.62,535,1519.1,38,0
ORD-2816,USPS,WH-Alpha (US-East),Two-Day Air,0.59,1604,345.8,51,0
ORD-2817,FedEx,WH-Alpha (US-East),Standard Ground,0.69,1426,2016.0,50,1
ORD-2818,USPS,WH-Alpha (US-East),Standard Ground,0.97,890,2229.7,50,0
ORD-2819,FedEx,WH-Beta (US-West),Same-Day,0.62,1132,1334.2,24,0
ORD-2820,USPS,WH-Gamma (US-Central),Standard Ground,0.76,4980,81.5,56,0
ORD-2821,USPS,WH-Gamma (US-Central),Same-Day,0.7,2212,2078.7,53,0
ORD-2822,USPS,WH-Gamma (US-Central),Two-Day Air,0.72,2204,2494.7,18,1
ORD-2823,Amazon Logistics,WH-Gamma (US-Central),Same-Day,0.6,1937,975.0,71,0
ORD-2824,DHL,WH-Alpha (US-East),Two-Day Air,0.68,3603,2149.9,68,0
ORD-2825,UPS,WH-Beta (US-West),Two-Day Air,0.66,3631,1210.8,21,1
ORD-2826,DHL,WH-Delta (US-South),Same-Day,0.72,3739,584.0,18,0
ORD-2827,DHL,WH-Beta (US-West),Standard Ground,0.77,2800,1647.6,30,0
ORD-2828,UPS,WH-Alpha (US-East),Standard Ground,0.5,3794,1185.5,38,1
ORD-2829,UPS,WH-Gamma (US-Central),Same-Day,0.69,1309,968.7,70,1
ORD-2830,FedEx,WH-Delta (US-South),Standard Ground,0.91,2207,1967.9,6,1
ORD-2831,Amazon Logistics,WH-Delta (US-South),Standard Ground,0.84,4415,1966.0,21,1
ORD-2832,UPS,WH-Delta (US-South),Two-Day Air,0.95,904,1579.9,62,1
ORD-2833,FedEx,WH-Gamma (US-Central),Standard Ground,0.79,615,1760.5,21,0
ORD-2834,FedEx,WH-Gamma (US-Central),Express Air,0.65,2418,347.9,63,0
ORD-2835,Amazon Logistics,WH-Delta (US-South),Two-Day Air,0.82,991,1205.2,10,1
ORD-2836,USPS,WH-Beta (US-West),Standard Ground,0.93,4644,998.9,43,0
ORD-2837,UPS,WH-Delta (US-South),Standard Ground,0.89,4502,171.7,69,0
ORD-2838,UPS,WH-Beta (US-West),Express Air,0.84,1298,2428.8,38,0
ORD-2839,Amazon Logistics,WH-Beta (US-West),Standard Ground,0.54,4132,1900.6,23,0
ORD-2840,DHL,WH-Beta (US-West),Same-Day,0.88,4129,1527.8,34,0
ORD-2841,UPS,WH-Alpha (US-East),Standard Ground,0.74,3112,1618.5,11,0
ORD-2842,DHL,WH-Gamma (US-Central),Express Air,0.56,4552,2345.0,49,0
ORD-2843,Amazon Logistics,WH-Gamma (US-Central),Standard Ground,0.71,3977,883.3,34,0
ORD-2844,Amazon Logistics,WH-Alpha (US-East),Standard Ground,0.8,707,2277.7,17,1
ORD-2845,UPS,WH-Delta (US-South),Express Air,0.68,3652,196.2,19,0
ORD-2846,UPS,WH-Gamma (US-Central),Two-Day Air,0.71,2182,1080.0,24,0
ORD-2847,Amazon Logistics,WH-Alpha (US-East),Same-Day,0.86,2679,1021.5,9,0
ORD-2848,Amazon Logistics,WH-Gamma (US-Central),Two-Day Air,0.55,3845,1844.8,9,1
ORD-2849,DHL,WH-Beta (US-West),Same-Day,0.57,1387,337.6,56,0
ORD-2850,Amazon Logistics,WH-Delta (US-South),Two-Day Air,0.97,2428,667.3,48,0
ORD-2851,FedEx,WH-Beta (US-West),Same-Day,0.66,2606,2442.9,38,0
ORD-2852,USPS,WH-Alpha (US-East),Same-Day,0.59,1376,1762.7,18,0
ORD-2853,FedEx,WH-Gamma (US-Central),Same-Day,0.56,1362,2243.4,31,0
ORD-2854,UPS,WH-Beta (US-West),Same-Day,0.98,1553,1225.1,19,0
ORD-2855,USPS,WH-Beta (US-West),Standard Ground,0.96,920,1745.0,47,1
ORD-2856,FedEx,WH-Alpha (US-East),Express Air,0.76,3334,961.1,20,0
ORD-2857,UPS,WH-Gamma (US-Central),Standard Ground,0.99,2524,2239.9,17,0
ORD-2858,DHL,WH-Alpha (US-East),Standard Ground,0.68,2918,1631.7,35,0
ORD-2859,Amazon Logistics,WH-Alpha (US-East),Same-Day,0.96,2851,2372.1,5,0
ORD-2860,USPS,WH-Gamma (US-Central),Same-Day,0.96,710,1152.8,55,1
ORD-2861,Amazon Logistics,WH-Delta (US-South),Express Air,0.66,212,1385.5,66,0
ORD-2862,USPS,WH-Beta (US-West),Standard Ground,0.52,2970,550.2,10,1
ORD-2863,DHL,WH-Delta (US-South),Two-Day Air,0.62,1456,1442.0,28,0
ORD-2864,Amazon Logistics,WH-Beta (US-West),Two-Day Air,0.99,4995,1062.7,53,1
ORD-2865,USPS,WH-Gamma (US-Central),Same-Day,0.64,4209,2460.4,34,1
ORD-2866,USPS,WH-Beta (US-West),Standard Ground,0.95,847,1420.2,8,0
ORD-2867,UPS,WH-Gamma (US-Central),Same-Day,0.97,330,1484.2,16,0
ORD-2868,UPS,WH-Alpha (US-East),Standard Ground,0.91,2050,471.0,20,0
ORD-2869,Amazon Logistics,WH-Alpha (US-East),Two-Day Air,0.66,3680,2356.0,15,1
ORD-2870,FedEx,WH-Delta (US-South),Two-Day Air,0.96,3951,2127.6,15,1
ORD-2871,UPS,WH-Beta (US-West),Two-Day Air,0.88,215,1538.7,69,0
ORD-2872,Amazon Logistics,WH-Delta (US-South),Two-Day Air,0.9,2785,296.3,48,0
ORD-2873,Amazon Logistics,WH-Beta (US-West),Same-Day,0.54,2051,2093.8,13,0
ORD-2874,DHL,WH-Beta (US-West),Standard Ground,0.72,4645,1989.3,31,1
ORD-2875,Amazon Logistics,WH-Alpha (US-East),Express Air,0.98,564,183.8,39,0
ORD-2876,FedEx,WH-Beta (US-West),Two-Day Air,0.91,2444,470.5,31,1
ORD-2877,FedEx,WH-Gamma (US-Central),Same-Day,0.81,359,1644.7,67,1
ORD-2878,USPS,WH-Beta (US-West),Express Air,0.77,1540,2255.3,62,0
ORD-2879,Amazon Logistics,WH-Beta (US-West),Same-Day,0.98,2984,1168.9,5,1
ORD-2880,USPS,WH-Delta (US-South),Same-Day,0.63,2604,1582.0,43,0
ORD-2881,FedEx,WH-Alpha (US-East),Two-Day Air,0.52,452,2086.1,31,0
ORD-2882,USPS,WH-Beta (US-West),Standard Ground,0.92,3126,745.5,71,1
ORD-2883,FedEx,WH-Delta (US-South),Express Air,0.98,1965,1270.9,6,0
ORD-2884,DHL,WH-Delta (US-South),Express Air,0.92,3454,1707.3,37,0
ORD-2885,Amazon Logistics,WH-Alpha (US-East),Standard Ground,0.88,13,1513.2,29,1
ORD-2886,FedEx,WH-Alpha (US-East),Express Air,0.68,1412,1493.0,15,0
ORD-2887,USPS,WH-Delta (US-South),Standard Ground,0.77,2248,1111.5,31,0
ORD-2888,FedEx,WH-Beta (US-West),Standard Ground,0.72,476,1126.5,35,1
ORD-2889,DHL,WH-Beta (US-West),Same-Day,0.59,4406,1196.9,12,0
ORD-2890,DHL,WH-Alpha (US-East),Two-Day Air,0.98,395,444.0,17,0
ORD-2891,FedEx,WH-Alpha (US-East),Two-Day Air,0.89,386,1651.2,40,0
ORD-2892,USPS,WH-Alpha (US-East),Express Air,0.98,4761,1201.3,60,1
ORD-2893,Amazon Logistics,WH-Delta (US-South),Two-Day Air,0.67,4245,344.7,26,1
ORD-2894,UPS,WH-Gamma (US-Central),Express Air,0.67,66,2275.7,64,1
ORD-2895,FedEx,WH-Alpha (US-East),Same-Day,0.74,462,102.3,69,0
ORD-2896,Amazon Logistics,WH-Delta (US-South),Two-Day Air,0.82,1933,1025.2,17,1
ORD-2897,FedEx,WH-Delta (US-South),Express Air,0.72,2079,1019.0,46,1
ORD-2898,DHL,WH-Delta (US-South),Same-Day,0.76,2876,427.1,20,0
ORD-2899,FedEx,WH-Alpha (US-East),Same-Day,0.85,1560,2402.5,36,0
ORD-2900,DHL,WH-Alpha (US-East),Express Air,0.62,1747,1132.7,5,0
ORD-2901,DHL,WH-Alpha (US-East),Same-Day,0.86,3316,711.4,4,0
ORD-2902,Amazon Logistics,WH-Gamma (US-Central),Two-Day Air,0.72,2069,835.8,5,0
ORD-2903,USPS,WH-Gamma (US-Central),Express Air,0.94,1236,1875.1,50,0
ORD-2904,USPS,WH-Delta (US-South),Two-Day Air,0.81,2958,1996.8,30,0
ORD-2905,Amazon Logistics,WH-Gamma (US-Central),Two-Day Air,0.72,3454,2332.0,4,1
ORD-2906,UPS,WH-Alpha (US-East),Standard Ground,0.64,3739,824.3,8,1
ORD-2907,DHL,WH-Delta (US-South),Standard Ground,0.83,1734,2431.2,71,1
ORD-2908,UPS,WH-Beta (US-West),Standard Ground,0.57,2293,739.6,26,0
ORD-2909,USPS,WH-Delta (US-South),Two-Day Air,0.97,1169,2304.5,40,0
ORD-2910,UPS,WH-Delta (US-South),Same-Day,0.78,3709,1571.2,71,0
ORD-2911,USPS,WH-Delta (US-South),Two-Day Air,0.75,286,1292.6,11,0
ORD-2912,FedEx,WH-Delta (US-South),Two-Day Air,0.8,4668,1657.8,48,0
ORD-2913,FedEx,WH-Beta (US-West),Same-Day,0.91,2534,1688.1,30,0
ORD-2914,USPS,WH-Alpha (US-East),Two-Day Air,0.52,4035,2416.6,15,0
ORD-2915,Amazon Logistics,WH-Alpha (US-East),Express Air,0.89,2938,39.3,62,0
ORD-2916,USPS,WH-Delta (US-South),Standard Ground,0.72,3574,1214.9,61,0
ORD-2917,UPS,WH-Beta (US-West),Express Air,0.6,974,1527.0,11,1
ORD-2918,FedEx,WH-Beta (US-West),Standard Ground,0.9,4754,1571.8,70,1
ORD-2919,FedEx,WH-Gamma (US-Central),Express Air,0.55,3156,2391.3,28,0
ORD-2920,USPS,WH-Gamma (US-Central),Same-Day,0.74,3579,340.9,40,0
ORD-2921,USPS,WH-Gamma (US-Central),Standard Ground,0.69,3750,588.0,38,1
ORD-2922,FedEx,WH-Beta (US-West),Standard Ground,0.62,775,42.5,24,0
ORD-2923,DHL,WH-Delta (US-South),Two-Day Air,0.73,4125,791.1,23,0
ORD-2924,Amazon Logistics,WH-Beta (US-West),Standard Ground,0.52,2275,661.8,6,0
ORD-2925,FedEx,WH-Alpha (US-East),Two-Day Air,0.65,105,2196.5,15,0
ORD-2926,FedEx,WH-Gamma (US-Central),Same-Day,0.73,4099,1927.1,15,1
ORD-2927,USPS,WH-Delta (US-South),Two-Day Air,0.99,923,341.0,26,0
ORD-2928,UPS,WH-Delta (US-South),Two-Day Air,0.98,3955,1974.3,67,0
ORD-2929,UPS,WH-Alpha (US-East),Express Air,0.75,1476,2068.2,47,1
ORD-2930,USPS,WH-Alpha (US-East),Same-Day,0.88,86,2046.3,23,1
ORD-2931,FedEx,WH-Gamma (US-Central),Standard Ground,0.81,1304,960.8,56,0
ORD-2932,FedEx,WH-Gamma (US-Central),Two-Day Air,0.51,584,386.4,44,0
ORD-2933,UPS,WH-Beta (US-West),Same-Day,0.85,4061,2063.3,26,0
ORD-2934,USPS,WH-Alpha (US-East),Two-Day Air,0.73,4624,1399.1,20,0
ORD-2935,FedEx,WH-Gamma (US-Central),Two-Day Air,0.73,30,1906.7,69,0
ORD-2936,USPS,WH-Alpha (US-East),Two-Day Air,0.99,4363,1876.1,49,0
ORD-2937,FedEx,WH-Delta (US-South),Two-Day Air,0.88,3556,108.0,17,1
ORD-2938,Amazon Logistics,WH-Delta (US-South),Express Air,0.75,2545,1149.5,31,0
ORD-2939,UPS,WH-Beta (US-West),Two-Day Air,0.61,4436,115.6,56,0
ORD-2940,UPS,WH-Alpha (US-East),Standard Ground,0.81,326,1451.9,16,0
ORD-2941,USPS,WH-Delta (US-South),Same-Day,0.97,3373,1545.1,22,0
ORD-2942,UPS,WH-Alpha (US-East),Two-Day Air,0.79,4592,1459.4,4,0
ORD-2943,FedEx,WH-Beta (US-West),Standard Ground,0.64,4691,2058.8,58,0
ORD-2944,DHL,WH-Gamma (US-Central),Same-Day,0.91,3614,1299.0,37,0
ORD-2945,UPS,WH-Alpha (US-East),Express Air,0.94,2165,1490.7,57,1
ORD-2946,DHL,WH-Beta (US-West),Express Air,0.77,432,2295.2,48,0
ORD-2947,DHL,WH-Beta (US-West),Standard Ground,0.7,4530,1405.7,48,0
ORD-2948,USPS,WH-Gamma (US-Central),Express Air,0.74,1229,222.2,70,0
ORD-2949,FedEx,WH-Beta (US-West),Two-Day Air,0.55,414,1498.7,8,0
ORD-2950,UPS,WH-Beta (US-West),Standard Ground,0.81,4985,1955.1,20,1
ORD-2951,FedEx,WH-Gamma (US-Central),Standard Ground,0.56,1450,374.9,37,1
ORD-2952,USPS,WH-Alpha (US-East),Two-Day Air,0.6,2846,1603.1,11,0
ORD-2953,USPS,WH-Delta (US-South),Express Air,0.89,2678,1386.1,48,1
ORD-2954,USPS,WH-Alpha (US-East),Express Air,0.53,1252,958.5,22,0
ORD-2955,FedEx,WH-Gamma (US-Central),Same-Day,0.54,3187,1330.9,30,0
ORD-2956,DHL,WH-Beta (US-West),Standard Ground,0.84,3869,1814.8,63,1
ORD-2957,Amazon Logistics,WH-Gamma (US-Central),Same-Day,0.71,4791,1191.2,52,1
ORD-2958,DHL,WH-Delta (US-South),Two-Day Air,0.76,506,2109.0,5,0
ORD-2959,USPS,WH-Delta (US-South),Express Air,0.54,4729,2376.0,59,1
ORD-2960,UPS,WH-Beta (US-West),Two-Day Air,0.94,928,1696.6,26,0
ORD-2961,FedEx,WH-Alpha (US-East),Standard Ground,0.84,3540,1914.5,31,1
ORD-2962,DHL,WH-Delta (US-South),Two-Day Air,0.93,100,2173.0,37,1
ORD-2963,DHL,WH-Delta (US-South),Express Air,0.92,94,857.4,66,1
ORD-2964,UPS,WH-Gamma (US-Central),Express Air,0.56,4226,1449.5,30,1
ORD-2965,Amazon Logistics,WH-Beta (US-West),Same-Day,0.61,1046,2300.4,17,1
ORD-2966,FedEx,WH-Delta (US-South),Standard Ground,0.57,4848,809.5,71,0
ORD-2967,Amazon Logistics,WH-Delta (US-South),Express Air,0.94,834,1463.8,23,0
ORD-2968,UPS,WH-Delta (US-South),Two-Day Air,0.74,621,377.4,44,0
ORD-2969,USPS,WH-Beta (US-West),Same-Day,0.76,2906,2267.7,22,0
ORD-2970,UPS,WH-Gamma (US-Central),Two-Day Air,0.8,3485,2329.6,12,1
ORD-2971,UPS,WH-Gamma (US-Central),Express Air,0.53,4029,2438.3,4,0
ORD-2972,DHL,WH-Beta (US-West),Standard Ground,0.81,4553,979.6,20,0
ORD-2973,USPS,WH-Gamma (US-Central),Same-Day,0.62,1197,1995.4,13,0
ORD-2974,FedEx,WH-Delta (US-South),Express Air,0.64,4534,2492.5,12,1
ORD-2975,FedEx,WH-Delta (US-South),Express Air,0.62,2635,589.3,67,0
ORD-2976,USPS,WH-Alpha (US-East),Same-Day,0.94,2304,2030.9,26,0
ORD-2977,Amazon Logistics,WH-Alpha (US-East),Same-Day,0.98,306,2241.5,64,1
ORD-2978,Amazon Logistics,WH-Alpha (US-East),Same-Day,0.81,2545,2185.3,55,0
ORD-2979,USPS,WH-Delta (US-South),Two-Day Air,0.75,555,1081.6,50,1
ORD-2980,UPS,WH-Alpha (US-East),Same-Day,0.88,2851,2380.1,48,1
ORD-2981,DHL,WH-Beta (US-West),Express Air,0.56,2521,2265.8,29,1
ORD-2982,USPS,WH-Beta (US-West),Two-Day Air,0.98,92,991.1,4,0
ORD-2983,DHL,WH-Alpha (US-East),Standard Ground,0.97,2372,872.2,46,0
ORD-2984,DHL,WH-Delta (US-South),Express Air,0.72,81,119.1,6,0
ORD-2985,DHL,WH-Delta (US-South),Express Air,0.83,2243,1873.8,8,0
ORD-2986,USPS,WH-Beta (US-West),Two-Day Air,0.92,1062,152.3,5,0
ORD-2987,Amazon Logistics,WH-Gamma (US-Central),Express Air,0.76,4150,656.4,45,1
ORD-2988,USPS,WH-Beta (US-West),Express Air,0.57,4158,535.1,48,0
ORD-2989,UPS,WH-Beta (US-West),Express Air,0.66,4133,52.7,15,0
ORD-2990,UPS,WH-Beta (US-West),Express Air,0.89,3637,2180.8,44,1
ORD-2991,FedEx,WH-Gamma (US-Central),Same-Day,0.87,4873,1020.7,22,1
ORD-2992,FedEx,WH-Delta (US-South),Same-Day,0.58,388,1946.4,14,0
ORD-2993,UPS,WH-Beta (US-West),Two-Day Air,0.61,1158,1247.9,29,0
ORD-2994,DHL,WH-Delta (US-South),Two-Day Air,0.93,4778,1024.8,7,0
ORD-2995,Amazon Logistics,WH-Delta (US-South),Express Air,0.73,3408,2340.3,59,1
ORD-2996,FedEx,WH-Delta (US-South),Same-Day,0.84,1221,1578.9,47,0
ORD-2997,FedEx,WH-Alpha (US-East),Standard Ground,0.99,748,1413.9,27,0
ORD-2998,USPS,WH-Gamma (US-Central),Express Air,0.97,2428,2429.1,12,0
ORD-2999,UPS,WH-Gamma (US-Central),Same-Day,0.71,272,2412.3,39,0
ORD-3000,Amazon Logistics,WH-Gamma (US-Central),Standard Ground,0.65,1483,706.0,40,0
ORD-3001,Amazon Logistics,WH-Gamma (US-Central),Standard Ground,0.58,3644,2244.7,69,1
ORD-3002,Amazon Logistics,WH-Beta (US-West),Same-Day,0.56,3631,2276.1,12,0
ORD-3003,Amazon Logistics,WH-Delta (US-South),Same-Day,0.83,2746,724.3,41,0
ORD-3004,Amazon Logistics,WH-Gamma (US-Central),Express Air,0.77,2296,477.7,10,0
ORD-3005,Amazon Logistics,WH-Alpha (US-East),Two-Day Air,0.76,3713,511.9,20,0
ORD-3006,FedEx,WH-Delta (US-South),Two-Day Air,0.91,2761,1931.9,41,1
ORD-3007,DHL,WH-Gamma (US-Central),Standard Ground,0.91,1041,975.0,25,1
ORD-3008,FedEx,WH-Gamma (US-Central),Same-Day,0.64,3287,1931.2,50,1
ORD-3009,DHL,WH-Delta (US-South),Standard Ground,0.75,4424,516.0,12,1
ORD-3010,DHL,WH-Beta (US-West),Same-Day,0.99,523,412.1,47,1
ORD-3011,UPS,WH-Delta (US-South),Standard Ground,0.98,690,1888.5,53,1
ORD-3012,UPS,WH-Delta (US-South),Two-Day Air,0.51,4448,2236.8,59,0
ORD-3013,UPS,WH-Gamma (US-Central),Standard Ground,0.55,2186,2250.5,58,1
ORD-3014,UPS,WH-Delta (US-South),Same-Day,0.9,86,2306.3,56,0
ORD-3015,USPS,WH-Beta (US-West),Standard Ground,0.95,1641,780.9,60,1
ORD-3016,Amazon Logistics,WH-Gamma (US-Central),Standard Ground,0.73,378,2379.2,14,1
ORD-3017,USPS,WH-Alpha (US-East),Standard Ground,0.96,370,643.0,20,0
ORD-3018,Amazon Logistics,WH-Gamma (US-Central),Standard Ground,0.83,3898,947.6,16,0
ORD-3019,Amazon Logistics,WH-Delta (US-South),Standard Ground,0.89,3360,1301.9,4,0
ORD-3020,UPS,WH-Alpha (US-East),Standard Ground,0.9,4627,2133.9,10,0
ORD-3021,USPS,WH-Delta (US-South),Same-Day,0.64,4263,312.1,69,0
ORD-3022,FedEx,WH-Delta (US-South),Express Air,0.77,1484,2389.5,32,1
ORD-3023,DHL,WH-Alpha (US-East),Two-Day Air,0.83,1550,2189.7,26,1
ORD-3024,Amazon Logistics,WH-Gamma (US-Central),Same-Day,0.52,1501,1116.1,37,1
ORD-3025,Amazon Logistics,WH-Gamma (US-Central),Two-Day Air,0.67,4756,1856.8,17,0
ORD-3026,DHL,WH-Delta (US-South),Two-Day Air,0.82,1824,910.5,16,1
ORD-3027,UPS,WH-Gamma (US-Central),Express Air,0.9,2529,477.6,59,0
ORD-3028,DHL,WH-Alpha (US-East),Same-Day,0.7,3498,1463.8,63,0
ORD-3029,USPS,WH-Delta (US-South),Two-Day Air,0.82,2409,2388.8,30,0
ORD-3030,Amazon Logistics,WH-Delta (US-South),Two-Day Air,0.57,1665,2184.2,17,1
ORD-3031,USPS,WH-Beta (US-West),Two-Day Air,0.8,3156,1998.8,53,1
ORD-3032,UPS,WH-Beta (US-West),Two-Day Air,0.63,1675,745.7,49,0
ORD-3033,Amazon Logistics,WH-Delta (US-South),Express Air,0.81,4979,792.4,69,0
ORD-3034,USPS,WH-Gamma (US-Central),Standard Ground,0.66,4321,1883.9,41,1
ORD-3035,USPS,WH-Delta (US-South),Two-Day Air,0.77,4827,1463.7,32,1
ORD-3036,UPS,WH-Alpha (US-East),Two-Day Air,0.81,4553,1479.9,62,1
ORD-3037,Amazon Logistics,WH-Beta (US-West),Two-Day Air,0.74,4743,2368.8,31,0
ORD-3038,USPS,WH-Delta (US-South),Express Air,0.78,3768,1895.0,29,1
ORD-3039,USPS,WH-Beta (US-West),Same-Day,0.63,4478,1743.5,40,0
ORD-3040,DHL,WH-Beta (US-West),Two-Day Air,0.92,88,47.2,49,0
ORD-3041,USPS,WH-Alpha (US-East),Standard Ground,0.64,4798,1769.7,19,1
ORD-3042,UPS,WH-Alpha (US-East),Same-Day,0.92,3135,1918.4,32,0
ORD-3043,Amazon Logistics,WH-Alpha (US-East),Same-Day,0.92,1277,892.2,21,0
ORD-3044,DHL,WH-Gamma (US-Central),Same-Day,0.85,3390,409.1,52,0
ORD-3045,DHL,WH-Alpha (US-East),Express Air,0.85,3061,1450.1,22,1
ORD-3046,DHL,WH-Gamma (US-Central),Two-Day Air,0.9,4715,539.2,30,0
ORD-3047,USPS,WH-Alpha (US-East),Express Air,0.96,4283,1838.1,10,0
ORD-3048,UPS,WH-Alpha (US-East),Express Air,1.0,2423,1765.5,69,1
ORD-3049,USPS,WH-Delta (US-South),Express Air,0.99,1158,30.2,19,0
ORD-3050,DHL,WH-Gamma (US-Central),Standard Ground,0.53,3608,500.1,4,1
ORD-3051,USPS,WH-Alpha (US-East),Same-Day,0.79,1224,459.9,19,0
ORD-3052,DHL,WH-Delta (US-South),Standard Ground,0.59,1808,1637.6,63,0
ORD-3053,USPS,WH-Delta (US-South),Two-Day Air,0.64,1677,363.6,38,1
ORD-3054,DHL,WH-Gamma (US-Central),Express Air,0.85,3130,2121.8,23,1
ORD-3055,DHL,WH-Delta (US-South),Two-Day Air,0.65,3234,858.1,48,1
ORD-3056,FedEx,WH-Alpha (US-East),Two-Day Air,0.89,3060,1409.0,52,1
ORD-3057,USPS,WH-Beta (US-West),Standard Ground,0.95,2045,987.9,43,0
ORD-3058,DHL,WH-Gamma (US-Central),Standard Ground,0.89,2810,2304.1,25,1
ORD-3059,FedEx,WH-Gamma (US-Central),Standard Ground,0.59,3688,525.2,14,0
ORD-3060,FedEx,WH-Gamma (US-Central),Same-Day,0.66,1638,2304.9,18,1
ORD-3061,UPS,WH-Alpha (US-East),Express Air,0.62,1381,144.9,42,0
ORD-3062,USPS,WH-Delta (US-South),Standard Ground,0.94,3054,2048.2,11,0
ORD-3063,DHL,WH-Alpha (US-East),Same-Day,0.67,1296,1899.2,10,0
ORD-3064,UPS,WH-Alpha (US-East),Express Air,0.51,342,409.1,34,0
ORD-3065,UPS,WH-Alpha (US-East),Two-Day Air,0.64,2691,1732.5,70,1
ORD-3066,UPS,WH-Beta (US-West),Same-Day,0.53,3358,1262.4,41,1
ORD-3067,Amazon Logistics,WH-Delta (US-South),Express Air,0.9,3610,1740.8,50,0
ORD-3068,Amazon Logistics,WH-Beta (US-West),Same-Day,0.53,99,2031.0,59,0
ORD-3069,DHL,WH-Delta (US-South),Express Air,0.63,2645,388.6,4,1
ORD-3070,FedEx,WH-Gamma (US-Central),Express Air,0.73,975,1102.4,9,1
ORD-3071,DHL,WH-Beta (US-West),Express Air,0.7,3218,1199.8,65,1
ORD-3072,USPS,WH-Alpha (US-East),Standard Ground,0.57,3499,2293.7,40,0
ORD-3073,Amazon Logistics,WH-Delta (US-South),Express Air,0.89,4959,656.9,19,0
ORD-3074,DHL,WH-Delta (US-South),Same-Day,0.7,753,1245.8,11,0
ORD-3075,Amazon Logistics,WH-Gamma (US-Central),Standard Ground,0.66,395,455.4,34,1
ORD-3076,FedEx,WH-Alpha (US-East),Two-Day Air,0.92,3557,860.2,69,0
ORD-3077,DHL,WH-Delta (US-South),Same-Day,0.93,2532,2299.7,66,0
ORD-3078,UPS,WH-Beta (US-West),Express Air,0.74,2192,1183.6,38,0
ORD-3079,UPS,WH-Beta (US-West),Same-Day,0.98,3546,2255.9,41,1
ORD-3080,USPS,WH-Gamma (US-Central),Express Air,0.62,420,1212.9,59,1
ORD-3081,USPS,WH-Beta (US-West),Express Air,0.5,906,1307.8,65,1
ORD-3082,FedEx,WH-Delta (US-South),Same-Day,0.61,2786,681.4,36,0
ORD-3083,FedEx,WH-Beta (US-West),Two-Day Air,0.74,4983,620.2,13,1
ORD-3084,FedEx,WH-Gamma (US-Central),Two-Day Air,0.99,2036,1663.3,8,0
ORD-3085,FedEx,WH-Gamma (US-Central),Two-Day Air,0.67,4149,2480.1,21,0
ORD-3086,FedEx,WH-Alpha (US-East),Same-Day,0.82,4570,955.8,71,0
ORD-3087,USPS,WH-Delta (US-South),Standard Ground,0.92,3033,1073.8,50,1
ORD-3088,UPS,WH-Gamma (US-Central),Standard Ground,0.5,4195,1993.9,70,1
ORD-3089,UPS,WH-Delta (US-South),Two-Day Air,0.9,29,1953.6,51,1
ORD-3090,UPS,WH-Gamma (US-Central),Express Air,0.84,370,1942.9,28,0
ORD-3091,Amazon Logistics,WH-Gamma (US-Central),Same-Day,0.86,1547,2034.8,16,1
ORD-3092,UPS,WH-Gamma (US-Central),Express Air,0.85,3763,1741.1,25,0
ORD-3093,UPS,WH-Alpha (US-East),Standard Ground,0.59,842,1450.0,60,0
ORD-3094,USPS,WH-Beta (US-West),Two-Day Air,0.74,1882,2455.3,34,1
ORD-3095,DHL,WH-Beta (US-West),Express Air,0.54,2643,1971.0,14,0
ORD-3096,UPS,WH-Delta (US-South),Standard Ground,0.78,2586,858.3,31,0
ORD-3097,DHL,WH-Delta (US-South),Express Air,0.85,2911,1319.2,40,1
ORD-3098,Amazon Logistics,WH-Alpha (US-East),Standard Ground,0.98,1667,1401.3,64,1
ORD-3099,FedEx,WH-Delta (US-South),Same-Day,0.53,1304,52.1,45,1
ORD-3100,UPS,WH-Delta (US-South),Same-Day,0.97,882,36.1,47,0
ORD-3101,Amazon Logistics,WH-Gamma (US-Central),Two-Day Air,0.55,4805,2093.2,37,1
ORD-3102,FedEx,WH-Gamma (US-Central),Express Air,0.67,4475,1204.8,52,1
ORD-3103,FedEx,WH-Alpha (US-East),Standard Ground,0.8,2967,2040.4,56,0
ORD-3104,DHL,WH-Delta (US-South),Same-Day,0.7,4999,314.7,34,1
ORD-3105,Amazon Logistics,WH-Delta (US-South),Standard Ground,0.87,3958,1775.2,51,1
ORD-3106,USPS,WH-Delta (US-South),Two-Day Air,0.64,4283,1640.2,59,1
ORD-3107,Amazon Logistics,WH-Gamma (US-Central),Same-Day,0.79,367,2289.0,32,0
ORD-3108,USPS,WH-Alpha (US-East),Standard Ground,0.83,844,1445.0,63,0
ORD-3109,Amazon Logistics,WH-Beta (US-West),Two-Day Air,0.88,3201,1204.8,33,0
ORD-3110,DHL,WH-Delta (US-South),Standard Ground,0.72,1410,1381.3,50,0
ORD-3111,Amazon Logistics,WH-Beta (US-West),Express Air,0.93,3928,2200.4,4,1
ORD-3112,FedEx,WH-Alpha (US-East),Express Air,0.94,2376,2321.4,23,0
ORD-3113,DHL,WH-Alpha (US-East),Standard Ground,0.81,3795,311.1,6,0
ORD-3114,FedEx,WH-Delta (US-South),Same-Day,0.93,1330,1456.6,64,1
ORD-3115,Amazon Logistics,WH-Delta (US-South),Express Air,0.51,1948,416.8,64,0
ORD-3116,USPS,WH-Alpha (US-East),Standard Ground,0.98,2613,2173.0,58,1
ORD-3117,DHL,WH-Alpha (US-East),Same-Day,0.85,1835,270.5,31,1
ORD-3118,Amazon Logistics,WH-Delta (US-South),Same-Day,0.93,2913,1273.0,38,0
ORD-3119,UPS,WH-Delta (US-South),Same-Day,0.67,1015,2383.3,8,0
ORD-3120,FedEx,WH-Delta (US-South),Two-Day Air,0.98,295,1702.3,4,0
ORD-3121,UPS,WH-Beta (US-West),Two-Day Air,0.55,419,63.8,13,0
ORD-3122,USPS,WH-Alpha (US-East),Same-Day,0.53,1734,1631.1,67,1
ORD-3123,UPS,WH-Beta (US-West),Same-Day,0.76,969,58.2,53,1
ORD-3124,Amazon Logistics,WH-Beta (US-West),Same-Day,0.69,2506,2263.4,34,1
ORD-3125,UPS,WH-Delta (US-South),Express Air,0.7,3849,162.9,16,0
ORD-3126,Amazon Logistics,WH-Gamma (US-Central),Same-Day,0.61,3533,2162.7,13,1
ORD-3127,USPS,WH-Gamma (US-Central),Express Air,0.86,1826,2268.6,39,1
ORD-3128,UPS,WH-Beta (US-West),Two-Day Air,0.88,2303,1799.5,57,1
ORD-3129,USPS,WH-Beta (US-West),Standard Ground,0.83,3327,2219.4,51,1
ORD-3130,FedEx,WH-Beta (US-West),Two-Day Air,0.56,297,111.6,49,1
ORD-3131,UPS,WH-Beta (US-West),Standard Ground,0.67,2978,1592.1,34,0
ORD-3132,UPS,WH-Gamma (US-Central),Two-Day Air,0.87,1026,108.2,29,0
ORD-3133,Amazon Logistics,WH-Alpha (US-East),Express Air,0.68,509,1957.2,47,0
ORD-3134,Amazon Logistics,WH-Delta (US-South),Same-Day,0.84,601,1649.2,36,0
ORD-3135,USPS,WH-Alpha (US-East),Same-Day,0.51,4507,1601.1,15,1
ORD-3136,DHL,WH-Gamma (US-Central),Standard Ground,0.56,114,1425.7,69,1
ORD-3137,FedEx,WH-Alpha (US-East),Same-Day,0.71,60,235.9,35,0
ORD-3138,DHL,WH-Gamma (US-Central),Two-Day Air,0.67,1721,2082.6,12,1
ORD-3139,UPS,WH-Delta (US-South),Same-Day,0.87,1319,621.6,43,0
ORD-3140,FedEx,WH-Alpha (US-East),Two-Day Air,0.77,1953,1282.6,43,0
ORD-3141,USPS,WH-Gamma (US-Central),Standard Ground,0.79,3474,1745.7,65,1
ORD-3142,FedEx,WH-Beta (US-West),Two-Day Air,0.86,1997,2345.1,36,1
ORD-3143,DHL,WH-Beta (US-West),Standard Ground,0.52,971,2033.5,55,1
ORD-3144,DHL,WH-Alpha (US-East),Same-Day,0.98,141,1841.6,14,0
ORD-3145,DHL,WH-Alpha (US-East),Same-Day,0.84,1542,2102.0,15,0
ORD-3146,Amazon Logistics,WH-Beta (US-West),Two-Day Air,0.79,4590,317.7,64,0
ORD-3147,UPS,WH-Delta (US-South),Same-Day,0.76,3823,1643.2,54,0
ORD-3148,FedEx,WH-Delta (US-South),Express Air,0.89,655,543.3,63,1
ORD-3149,USPS,WH-Beta (US-West),Two-Day Air,0.59,3093,2377.3,31,1
ORD-3150,UPS,WH-Beta (US-West),Express Air,0.92,3808,1269.4,13,0
ORD-3151,UPS,WH-Delta (US-South),Standard Ground,0.86,1253,1031.3,33,0
ORD-3152,UPS,WH-Gamma (US-Central),Two-Day Air,0.71,1583,107.3,49,1
ORD-3153,FedEx,WH-Gamma (US-Central),Express Air,0.9,1315,2164.5,38,1
ORD-3154,USPS,WH-Delta (US-South),Two-Day Air,0.54,292,1707.1,30,1
ORD-3155,FedEx,WH-Delta (US-South),Express Air,0.86,1415,2212.3,45,0
ORD-3156,DHL,WH-Alpha (US-East),Same-Day,0.54,648,1115.5,58,1
ORD-3157,UPS,WH-Delta (US-South),Express Air,0.6,1558,808.3,14,1
ORD-3158,FedEx,WH-Delta (US-South),Express Air,0.62,3668,1843.5,41,1
ORD-3159,FedEx,WH-Alpha (US-East),Express Air,0.72,1015,2162.4,19,0
ORD-3160,USPS,WH-Beta (US-West),Standard Ground,0.66,4785,568.5,64,1
ORD-3161,UPS,WH-Beta (US-West),Same-Day,0.58,2532,1268.9,44,1
ORD-3162,USPS,WH-Gamma (US-Central),Two-Day Air,0.9,1908,840.2,7,0
ORD-3163,Amazon Logistics,WH-Delta (US-South),Two-Day Air,0.52,4981,1888.7,41,0
ORD-3164,USPS,WH-Delta (US-South),Two-Day Air,0.81,3851,351.6,21,0
ORD-3165,Amazon Logistics,WH-Gamma (US-Central),Standard Ground,0.84,2239,1680.6,25,1
ORD-3166,FedEx,WH-Delta (US-South),Same-Day,0.69,2700,1685.1,67,1
ORD-3167,FedEx,WH-Delta (US-South),Standard Ground,0.55,59,1218.0,68,0
ORD-3168,FedEx,WH-Alpha (US-East),Express Air,0.58,3250,1759.8,54,0
ORD-3169,FedEx,WH-Beta (US-West),Express Air,0.56,3372,180.4,23,0
ORD-3170,UPS,WH-Gamma (US-Central),Standard Ground,0.74,1749,604.1,66,1
ORD-3171,USPS,WH-Beta (US-West),Two-Day Air,0.73,472,527.8,67,0
ORD-3172,USPS,WH-Delta (US-South),Two-Day Air,0.86,2464,1395.5,27,0
ORD-3173,Amazon Logistics,WH-Gamma (US-Central),Same-Day,0.91,4130,1192.1,32,1
ORD-3174,UPS,WH-Delta (US-South),Two-Day Air,0.54,4510,90.7,45,0
ORD-3175,FedEx,WH-Alpha (US-East),Standard Ground,0.81,1821,1998.9,63,0
ORD-3176,UPS,WH-Delta (US-South),Same-Day,0.91,2926,1730.8,64,0
ORD-3177,DHL,WH-Delta (US-South),Same-Day,0.89,4334,1347.7,14,1
ORD-3178,Amazon Logistics,WH-Delta (US-South),Standard Ground,0.88,1483,1491.2,49,0
ORD-3179,USPS,WH-Alpha (US-East),Two-Day Air,0.91,2728,1436.5,52,0
ORD-3180,FedEx,WH-Beta (US-West),Two-Day Air,0.81,514,713.5,5,0
ORD-3181,Amazon Logistics,WH-Gamma (US-Central),Standard Ground,0.71,1642,1896.2,27,0
ORD-3182,UPS,WH-Gamma (US-Central),Standard Ground,0.78,2957,1926.4,15,1
ORD-3183,DHL,WH-Delta (US-South),Express Air,0.89,2728,2213.2,9,1
ORD-3184,Amazon Logistics,WH-Beta (US-West),Standard Ground,0.88,1997,705.3,6,0
ORD-3185,FedEx,WH-Beta (US-West),Same-Day,0.74,2146,1662.3,29,1
ORD-3186,UPS,WH-Alpha (US-East),Standard Ground,0.81,3535,256.5,11,1
ORD-3187,USPS,WH-Alpha (US-East),Express Air,0.54,4133,840.5,20,0
ORD-3188,USPS,WH-Gamma (US-Central),Same-Day,0.73,3657,122.7,14,0
ORD-3189,Amazon Logistics,WH-Alpha (US-East),Standard Ground,0.67,564,2441.8,65,1
ORD-3190,UPS,WH-Gamma (US-Central),Standard Ground,0.63,1757,248.5,30,0
ORD-3191,UPS,WH-Gamma (US-Central),Express Air,0.77,454,281.1,18,0
ORD-3192,USPS,WH-Beta (US-West),Express Air,0.85,1221,1688.8,15,0
ORD-3193,DHL,WH-Delta (US-South),Same-Day,0.82,91,1844.4,10,0
ORD-3194,FedEx,WH-Gamma (US-Central),Same-Day,0.82,2590,880.4,53,0
ORD-3195,FedEx,WH-Beta (US-West),Two-Day Air,0.96,3037,2105.8,45,1
ORD-3196,FedEx,WH-Delta (US-South),Two-Day Air,0.55,3525,2483.4,7,0
ORD-3197,USPS,WH-Alpha (US-East),Standard Ground,0.8,3787,363.5,40,0
ORD-3198,UPS,WH-Beta (US-West),Express Air,0.52,2129,830.4,18,1
ORD-3199,DHL,WH-Gamma (US-Central),Express Air,0.62,4392,1221.9,59,1
ORD-3200,UPS,WH-Alpha (US-East),Two-Day Air,0.75,4930,574.3,71,0
ORD-3201,USPS,WH-Alpha (US-East),Express Air,0.73,2809,562.2,55,0
ORD-3202,Amazon Logistics,WH-Alpha (US-East),Express Air,0.91,4384,245.7,26,0
ORD-3203,DHL,WH-Delta (US-South),Two-Day Air,0.93,4654,654.5,67,1
ORD-3204,FedEx,WH-Gamma (US-Central),Same-Day,0.64,2637,2337.0,48,0
ORD-3205,USPS,WH-Alpha (US-East),Same-Day,0.72,641,1169.0,46,0
ORD-3206,FedEx,WH-Delta (US-South),Same-Day,0.92,1170,359.1,41,0
ORD-3207,FedEx,WH-Delta (US-South),Two-Day Air,0.69,909,2111.3,63,1
ORD-3208,UPS,WH-Beta (US-West),Express Air,0.96,4276,1783.2,55,0
ORD-3209,DHL,WH-Alpha (US-East),Same-Day,0.87,1358,1575.7,65,1
ORD-3210,UPS,WH-Beta (US-West),Same-Day,0.53,2116,1440.0,13,1
ORD-3211,DHL,WH-Gamma (US-Central),Two-Day Air,0.86,3290,629.9,47,0
ORD-3212,Amazon Logistics,WH-Delta (US-South),Two-Day Air,0.94,1750,410.1,50,0
ORD-3213,DHL,WH-Gamma (US-Central),Two-Day Air,0.67,3995,1875.0,20,1
ORD-3214,FedEx,WH-Alpha (US-East),Two-Day Air,0.66,4094,1901.8,59,1
ORD-3215,DHL,WH-Beta (US-West),Two-Day Air,0.65,1540,2461.7,13,0
ORD-3216,FedEx,WH-Beta (US-West),Standard Ground,0.7,4548,79.1,54,1
ORD-3217,USPS,WH-Delta (US-South),Same-Day,0.77,4938,2034.5,26,0
ORD-3218,USPS,WH-Gamma (US-Central),Standard Ground,0.62,3461,1788.9,60,0
ORD-3219,Amazon Logistics,WH-Alpha (US-East),Express Air,0.76,4149,713.7,25,0
ORD-3220,Amazon Logistics,WH-Delta (US-South),Same-Day,0.92,1017,1966.6,24,0
ORD-3221,DHL,WH-Delta (US-South),Express Air,0.8,2601,1086.5,70,0
ORD-3222,UPS,WH-Delta (US-South),Two-Day Air,0.55,3867,1538.5,12,0
ORD-3223,UPS,WH-Alpha (US-East),Same-Day,0.91,3843,1477.8,71,0
ORD-3224,UPS,WH-Beta (US-West),Express Air,0.76,4038,942.2,63,0
ORD-3225,Amazon Logistics,WH-Alpha (US-East),Standard Ground,0.61,4781,2491.6,24,1
ORD-3226,DHL,WH-Delta (US-South),Two-Day Air,0.98,3695,2376.0,60,1
ORD-3227,FedEx,WH-Delta (US-South),Express Air,0.63,4756,215.4,36,0
ORD-3228,FedEx,WH-Delta (US-South),Standard Ground,0.83,1468,1892.2,71,1
ORD-3229,FedEx,WH-Beta (US-West),Two-Day Air,0.64,4024,461.5,20,0
ORD-3230,UPS,WH-Gamma (US-Central),Two-Day Air,0.59,4360,1517.1,5,0
ORD-3231,UPS,WH-Alpha (US-East),Express Air,0.93,2294,166.7,19,0
ORD-3232,DHL,WH-Beta (US-West),Same-Day,0.72,3653,2400.9,12,1
ORD-3233,FedEx,WH-Alpha (US-East),Express Air,0.88,2985,1515.9,64,0
ORD-3234,FedEx,WH-Alpha (US-East),Same-Day,0.91,2663,1543.1,27,0
ORD-3235,USPS,WH-Alpha (US-East),Same-Day,0.99,3093,1106.0,5,0
ORD-3236,Amazon Logistics,WH-Alpha (US-East),Standard Ground,0.92,3558,44.9,11,0
ORD-3237,Amazon Logistics,WH-Delta (US-South),Standard Ground,0.65,3680,1553.8,68,1
ORD-3238,DHL,WH-Alpha (US-East),Standard Ground,0.63,4510,1928.0,16,1
ORD-3239,DHL,WH-Delta (US-South),Express Air,0.56,275,1008.7,20,0
ORD-3240,UPS,WH-Delta (US-South),Same-Day,0.82,3658,870.9,10,0
ORD-3241,Amazon Logistics,WH-Gamma (US-Central),Express Air,0.84,3106,145.1,23,0
ORD-3242,FedEx,WH-Beta (US-West),Standard Ground,0.74,1577,1500.7,39,1
ORD-3243,USPS,WH-Beta (US-West),Express Air,0.69,3030,2233.3,61,1
ORD-3244,DHL,WH-Gamma (US-Central),Same-Day,0.76,1203,2329.4,8,1
ORD-3245,FedEx,WH-Gamma (US-Central),Same-Day,0.71,2662,1415.3,5,0
ORD-3246,Amazon Logistics,WH-Delta (US-South),Express Air,0.71,1076,1419.8,20,0
ORD-3247,Amazon Logistics,WH-Delta (US-South),Standard Ground,0.54,1947,446.3,60,1
ORD-3248,DHL,WH-Gamma (US-Central),Standard Ground,0.76,1409,1484.1,67,1
ORD-3249,FedEx,WH-Gamma (US-Central),Express Air,0.61,546,785.3,25,0
ORD-3250,USPS,WH-Beta (US-West),Standard Ground,0.71,3364,1900.1,12,0
ORD-3251,DHL,WH-Alpha (US-East),Two-Day Air,0.51,58,1829.7,38,1
ORD-3252,DHL,WH-Alpha (US-East),Standard Ground,0.89,4846,1588.0,70,1
ORD-3253,UPS,WH-Beta (US-West),Standard Ground,0.84,70,2060.0,69,0
ORD-3254,USPS,WH-Delta (US-South),Standard Ground,0.51,1153,305.4,51,1
ORD-3255,UPS,WH-Delta (US-South),Express Air,0.67,1699,2298.8,10,0
ORD-3256,USPS,WH-Gamma (US-Central),Standard Ground,0.96,3095,2231.2,71,1
ORD-3257,FedEx,WH-Beta (US-West),Same-Day,0.53,4166,248.8,56,1
ORD-3258,USPS,WH-Gamma (US-Central),Two-Day Air,0.89,2926,241.1,70,0
ORD-3259,DHL,WH-Beta (US-West),Express Air,0.97,271,1436.9,45,0
ORD-3260,FedEx,WH-Delta (US-South),Two-Day Air,0.86,674,1033.2,53,0
ORD-3261,Amazon Logistics,WH-Delta (US-South),Two-Day Air,0.83,4585,1001.8,32,1
ORD-3262,FedEx,WH-Gamma (US-Central),Express Air,0.51,4110,276.1,48,0
ORD-3263,USPS,WH-Alpha (US-East),Express Air,0.82,2864,2009.9,44,1
ORD-3264,UPS,WH-Beta (US-West),Express Air,0.82,2351,837.4,48,1
ORD-3265,DHL,WH-Delta (US-South),Two-Day Air,0.63,4900,310.4,60,0
ORD-3266,UPS,WH-Gamma (US-Central),Express Air,0.91,3422,135.8,65,0
ORD-3267,DHL,WH-Beta (US-West),Two-Day Air,0.78,3877,527.2,47,0
ORD-3268,UPS,WH-Beta (US-West),Same-Day,0.83,543,1002.5,30,0
ORD-3269,Amazon Logistics,WH-Delta (US-South),Standard Ground,0.91,2686,1163.5,18,0
ORD-3270,FedEx,WH-Alpha (US-East),Two-Day Air,0.78,2788,1633.2,62,1
ORD-3271,UPS,WH-Alpha (US-East),Standard Ground,0.92,4965,2448.5,33,1
ORD-3272,DHL,WH-Gamma (US-Central),Same-Day,0.51,2529,597.4,11,0
ORD-3273,Amazon Logistics,WH-Alpha (US-East),Standard Ground,0.66,3847,2173.2,28,1
ORD-3274,FedEx,WH-Gamma (US-Central),Two-Day Air,0.92,1018,1775.3,12,1
ORD-3275,Amazon Logistics,WH-Delta (US-South),Express Air,0.66,4467,1282.4,71,0
ORD-3276,Amazon Logistics,WH-Gamma (US-Central),Express Air,0.77,1674,915.8,49,1
ORD-3277,USPS,WH-Beta (US-West),Standard Ground,0.6,1846,653.7,68,0
ORD-3278,UPS,WH-Gamma (US-Central),Two-Day Air,0.89,876,1521.1,39,0
ORD-3279,USPS,WH-Gamma (US-Central),Standard Ground,0.51,4895,226.2,22,0
ORD-3280,USPS,WH-Gamma (US-Central),Standard Ground,0.66,2175,2015.9,41,1
ORD-3281,UPS,WH-Gamma (US-Central),Express Air,0.64,2227,2048.2,30,1
ORD-3282,FedEx,WH-Beta (US-West),Express Air,0.58,387,1238.5,35,0
ORD-3283,USPS,WH-Beta (US-West),Express Air,0.76,4141,550.6,45,1
ORD-3284,Amazon Logistics,WH-Delta (US-South),Express Air,0.75,3004,1236.8,70,0
ORD-3285,DHL,WH-Beta (US-West),Express Air,0.81,447,1273.2,61,0
ORD-3286,USPS,WH-Beta (US-West),Same-Day,0.58,3575,83.6,54,1
ORD-3287,USPS,WH-Alpha (US-East),Standard Ground,0.74,67,836.8,4,0
ORD-3288,Amazon Logistics,WH-Delta (US-South),Standard Ground,0.64,455,1513.9,43,1
ORD-3289,DHL,WH-Delta (US-South),Two-Day Air,0.88,570,2467.4,62,1
ORD-3290,USPS,WH-Gamma (US-Central),Two-Day Air,0.74,434,313.8,42,0
ORD-3291,Amazon Logistics,WH-Beta (US-West),Two-Day Air,0.9,2717,2066.4,67,0
ORD-3292,UPS,WH-Delta (US-South),Express Air,0.79,3734,281.3,25,0
ORD-3293,DHL,WH-Alpha (US-East),Two-Day Air,0.91,1148,1620.4,25,1
ORD-3294,Amazon Logistics,WH-Delta (US-South),Same-Day,0.6,1239,942.5,50,0
ORD-3295,UPS,WH-Beta (US-West),Same-Day,0.96,1860,248.6,15,0
ORD-3296,USPS,WH-Delta (US-South),Express Air,0.69,732,2261.8,56,0
ORD-3297,FedEx,WH-Alpha (US-East),Same-Day,0.77,3341,449.7,57,1
ORD-3298,UPS,WH-Gamma (US-Central),Two-Day Air,0.77,2601,660.7,45,0
ORD-3299,Amazon Logistics,WH-Gamma (US-Central),Express Air,0.72,1858,985.7,15,0
ORD-3300,Amazon Logistics,WH-Gamma (US-Central),Two-Day Air,0.65,4012,907.0,43,1
ORD-3301,FedEx,WH-Alpha (US-East),Standard Ground,0.83,2515,1514.0,44,1
ORD-3302,FedEx,WH-Gamma (US-Central),Standard Ground,0.79,434,2499.8,66,1
ORD-3303,USPS,WH-Gamma (US-Central),Same-Day,0.72,1536,927.0,42,0
ORD-3304,Amazon Logistics,WH-Gamma (US-Central),Two-Day Air,0.77,2345,203.6,10,0
ORD-3305,Amazon Logistics,WH-Delta (US-South),Two-Day Air,0.86,1485,178.4,4,0
ORD-3306,DHL,WH-Alpha (US-East),Express Air,0.51,2029,2317.0,46,1
ORD-3307,Amazon Logistics,WH-Beta (US-West),Standard Ground,0.79,3789,2016.9,33,0
ORD-3308,Amazon Logistics,WH-Beta (US-West),Two-Day Air,0.58,4215,539.1,59,1
ORD-3309,Amazon Logistics,WH-Beta (US-West),Express Air,0.87,4442,1064.5,18,0
ORD-3310,Amazon Logistics,WH-Delta (US-South),Express Air,0.79,4029,2393.0,24,0
ORD-3311,USPS,WH-Alpha (US-East),Standard Ground,0.57,381,757.2,12,1
ORD-3312,USPS,WH-Alpha (US-East),Two-Day Air,0.64,1325,1720.6,29,1
ORD-3313,DHL,WH-Alpha (US-East),Express Air,0.77,962,2033.6,49,0
ORD-3314,FedEx,WH-Gamma (US-Central),Two-Day Air,0.64,619,416.5,50,1
ORD-3315,UPS,WH-Beta (US-West),Same-Day,0.64,3198,398.7,16,0
ORD-3316,FedEx,WH-Delta (US-South),Same-Day,0.93,2202,808.4,14,0
ORD-3317,DHL,WH-Gamma (US-Central),Two-Day Air,0.75,4978,1218.6,63,0
ORD-3318,Amazon Logistics,WH-Delta (US-South),Two-Day Air,0.76,1082,2111.2,42,0
ORD-3319,UPS,WH-Alpha (US-East),Standard Ground,0.73,4473,2446.9,8,0
ORD-3320,FedEx,WH-Gamma (US-Central),Express Air,0.54,2605,1050.5,29,1
ORD-3321,FedEx,WH-Beta (US-West),Express Air,0.52,1716,1247.2,4,1
ORD-3322,DHL,WH-Delta (US-South),Two-Day Air,0.76,4130,2025.0,4,0
ORD-3323,Amazon Logistics,WH-Gamma (US-Central),Two-Day Air,0.88,266,2492.7,63,0
ORD-3324,USPS,WH-Beta (US-West),Same-Day,0.8,4308,2201.3,44,1
ORD-3325,FedEx,WH-Delta (US-South),Same-Day,0.84,4056,1300.1,35,0
ORD-3326,FedEx,WH-Delta (US-South),Same-Day,0.99,12,1519.7,21,0
ORD-3327,UPS,WH-Beta (US-West),Standard Ground,0.82,3728,2246.7,51,1
ORD-3328,FedEx,WH-Gamma (US-Central),Same-Day,0.92,4328,1428.2,19,1
ORD-3329,FedEx,WH-Delta (US-South),Same-Day,0.8,3466,438.9,14,0
ORD-3330,DHL,WH-Gamma (US-Central),Same-Day,0.96,704,1051.3,33,0
ORD-3331,Amazon Logistics,WH-Gamma (US-Central),Same-Day,0.59,1926,2051.7,63,1
ORD-3332,USPS,WH-Alpha (US-East),Same-Day,0.88,3286,2485.3,52,0
ORD-3333,UPS,WH-Alpha (US-East),Same-Day,0.83,3166,2489.2,65,1
ORD-3334,FedEx,WH-Beta (US-West),Standard Ground,0.55,4120,1423.1,9,1
ORD-3335,UPS,WH-Delta (US-South),Standard Ground,0.56,900,2222.3,40,0
ORD-3336,FedEx,WH-Beta (US-West),Standard Ground,0.87,2007,1325.9,60,1
ORD-3337,USPS,WH-Delta (US-South),Two-Day Air,0.65,3559,39.4,56,0
ORD-3338,FedEx,WH-Gamma (US-Central),Standard Ground,0.77,2862,452.0,64,1
ORD-3339,UPS,WH-Gamma (US-Central),Express Air,0.61,4038,1626.0,47,0
ORD-3340,FedEx,WH-Beta (US-West),Two-Day Air,0.58,4248,1827.4,61,1
ORD-3341,DHL,WH-Delta (US-South),Standard Ground,0.57,4410,2323.4,62,1
ORD-3342,Amazon Logistics,WH-Gamma (US-Central),Two-Day Air,0.52,480,2018.4,62,1
ORD-3343,UPS,WH-Beta (US-West),Express Air,0.85,2738,171.5,58,0
ORD-3344,UPS,WH-Gamma (US-Central),Standard Ground,0.55,3279,1166.9,71,0
ORD-3345,UPS,WH-Alpha (US-East),Express Air,0.97,1946,643.4,23,0
ORD-3346,UPS,WH-Beta (US-West),Standard Ground,0.91,491,1906.1,12,1
ORD-3347,Amazon Logistics,WH-Delta (US-South),Express Air,0.52,2874,1511.3,69,0
ORD-3348,USPS,WH-Gamma (US-Central),Two-Day Air,0.66,1130,1908.7,24,0
ORD-3349,USPS,WH-Beta (US-West),Standard Ground,0.88,1275,891.0,66,1
ORD-3350,DHL,WH-Delta (US-South),Same-Day,0.55,2207,299.8,67,0
ORD-3351,Amazon Logistics,WH-Beta (US-West),Two-Day Air,0.6,1543,245.9,38,0
ORD-3352,FedEx,WH-Beta (US-West),Two-Day Air,0.54,326,642.7,66,0
ORD-3353,Amazon Logistics,WH-Beta (US-West),Same-Day,0.61,1821,1008.5,59,1
ORD-3354,Amazon Logistics,WH-Alpha (US-East),Standard Ground,0.88,118,1381.7,25,0
ORD-3355,FedEx,WH-Gamma (US-Central),Standard Ground,0.67,4616,1043.6,18,0
ORD-3356,UPS,WH-Beta (US-West),Express Air,0.75,2802,714.6,8,0
ORD-3357,USPS,WH-Alpha (US-East),Two-Day Air,0.97,977,490.1,61,0
ORD-3358,USPS,WH-Delta (US-South),Standard Ground,0.74,2570,584.2,27,0
ORD-3359,UPS,WH-Gamma (US-Central),Express Air,0.57,1595,757.3,28,0
ORD-3360,DHL,WH-Alpha (US-East),Express Air,0.73,2286,1945.4,22,1
ORD-3361,UPS,WH-Beta (US-West),Two-Day Air,0.62,327,655.9,51,1
ORD-3362,UPS,WH-Delta (US-South),Same-Day,0.53,1067,560.5,55,0
ORD-3363,USPS,WH-Beta (US-West),Express Air,0.65,4202,196.9,20,0
ORD-3364,FedEx,WH-Beta (US-West),Two-Day Air,0.63,4987,1776.5,67,0
ORD-3365,FedEx,WH-Beta (US-West),Two-Day Air,0.98,4902,1081.7,62,0
ORD-3366,DHL,WH-Alpha (US-East),Express Air,0.8,167,2278.6,39,0
ORD-3367,USPS,WH-Delta (US-South),Standard Ground,0.66,3833,740.2,62,1
ORD-3368,UPS,WH-Beta (US-West),Express Air,0.94,564,1526.1,65,1
ORD-3369,Amazon Logistics,WH-Gamma (US-Central),Two-Day Air,0.6,3025,269.2,70,0
ORD-3370,Amazon Logistics,WH-Delta (US-South),Two-Day Air,0.93,2878,354.7,26,0
ORD-3371,Amazon Logistics,WH-Beta (US-West),Two-Day Air,0.58,2640,1323.4,28,1
ORD-3372,FedEx,WH-Beta (US-West),Two-Day Air,0.83,3459,2038.5,6,0
ORD-3373,FedEx,WH-Delta (US-South),Same-Day,0.99,1977,1932.1,66,1
ORD-3374,UPS,WH-Alpha (US-East),Two-Day Air,0.95,3833,1345.1,7,0
ORD-3375,USPS,WH-Beta (US-West),Same-Day,0.6,2698,1191.0,62,1
ORD-3376,DHL,WH-Delta (US-South),Two-Day Air,0.8,524,1120.8,34,1
ORD-3377,Amazon Logistics,WH-Gamma (US-Central),Same-Day,0.77,12,810.5,6,1
ORD-3378,USPS,WH-Alpha (US-East),Same-Day,0.56,1279,319.9,13,0
ORD-3379,USPS,WH-Alpha (US-East),Two-Day Air,0.95,4395,2233.1,49,0
ORD-3380,UPS,WH-Alpha (US-East),Express Air,0.75,2014,2084.4,50,1
ORD-3381,USPS,WH-Gamma (US-Central),Standard Ground,0.78,28,558.3,7,0
ORD-3382,DHL,WH-Alpha (US-East),Standard Ground,0.83,4557,1015.8,29,0
ORD-3383,UPS,WH-Alpha (US-East),Two-Day Air,0.77,106,1075.8,35,1
ORD-3384,FedEx,WH-Alpha (US-East),Express Air,0.71,3036,1825.2,69,1
ORD-3385,USPS,WH-Alpha (US-East),Express Air,0.57,4394,1239.4,28,0
ORD-3386,FedEx,WH-Gamma (US-Central),Two-Day Air,0.82,2176,625.1,8,0
ORD-3387,FedEx,WH-Beta (US-West),Express Air,0.51,1608,2138.9,10,1
ORD-3388,FedEx,WH-Delta (US-South),Express Air,0.9,2751,1043.9,50,0
ORD-3389,DHL,WH-Gamma (US-Central),Same-Day,0.65,2693,405.4,32,0
ORD-3390,Amazon Logistics,WH-Alpha (US-East),Standard Ground,0.65,725,2149.3,60,1
ORD-3391,Amazon Logistics,WH-Beta (US-West),Express Air,0.8,1973,517.3,39,1
ORD-3392,Amazon Logistics,WH-Gamma (US-Central),Same-Day,0.7,647,1037.7,32,1
ORD-3393,USPS,WH-Alpha (US-East),Standard Ground,0.54,4756,2289.6,28,1
ORD-3394,FedEx,WH-Delta (US-South),Same-Day,0.67,45,508.9,11,0
ORD-3395,Amazon Logistics,WH-Delta (US-South),Same-Day,0.94,805,2191.7,38,0
ORD-3396,FedEx,WH-Beta (US-West),Same-Day,0.67,3815,1161.9,34,0
ORD-3397,DHL,WH-Gamma (US-Central),Two-Day Air,0.57,3567,1884.6,58,1
ORD-3398,FedEx,WH-Alpha (US-East),Same-Day,0.92,2309,1142.5,43,0
ORD-3399,FedEx,WH-Beta (US-West),Standard Ground,0.71,892,1704.8,29,1
ORD-3400,FedEx,WH-Gamma (US-Central),Express Air,0.71,3243,154.2,32,0
ORD-3401,Amazon Logistics,WH-Beta (US-West),Same-Day,0.51,1724,246.5,16,1
ORD-3402,UPS,WH-Gamma (US-Central),Two-Day Air,0.55,1629,1398.1,64,1
ORD-3403,USPS,WH-Alpha (US-East),Two-Day Air,0.69,680,1350.1,10,0
ORD-3404,UPS,WH-Alpha (US-East),Standard Ground,0.67,3892,787.4,36,1
ORD-3405,UPS,WH-Alpha (US-East),Same-Day,0.52,2045,1323.5,23,1
ORD-3406,UPS,WH-Delta (US-South),Same-Day,0.58,3417,2334.6,9,1
ORD-3407,DHL,WH-Gamma (US-Central),Standard Ground,0.78,4517,1554.4,46,1
ORD-3408,USPS,WH-Delta (US-South),Express Air,0.69,456,602.2,58,1
ORD-3409,UPS,WH-Beta (US-West),Same-Day,0.53,4067,1764.9,40,0
ORD-3410,USPS,WH-Alpha (US-East),Express Air,0.56,2086,1996.6,66,1
ORD-3411,FedEx,WH-Delta (US-South),Two-Day Air,0.9,1606,1688.4,4,1
ORD-3412,USPS,WH-Delta (US-South),Express Air,0.85,436,302.5,10,0
ORD-3413,UPS,WH-Alpha (US-East),Two-Day Air,0.51,2445,303.4,10,0
ORD-3414,DHL,WH-Delta (US-South),Two-Day Air,0.76,3352,1949.6,71,1
ORD-3415,FedEx,WH-Alpha (US-East),Two-Day Air,0.96,1765,1450.0,71,1
ORD-3416,UPS,WH-Gamma (US-Central),Same-Day,0.68,2572,1448.6,16,0
ORD-3417,DHL,WH-Delta (US-South),Express Air,0.93,1118,139.8,6,0
ORD-3418,Amazon Logistics,WH-Delta (US-South),Express Air,0.62,1486,1003.4,57,0
ORD-3419,FedEx,WH-Gamma (US-Central),Express Air,0.88,3287,312.9,48,1
ORD-3420,UPS,WH-Beta (US-West),Express Air,0.68,4793,2234.5,46,1
ORD-3421,UPS,WH-Alpha (US-East),Two-Day Air,0.99,4860,747.8,19,0
ORD-3422,USPS,WH-Gamma (US-Central),Standard Ground,0.64,1331,388.7,42,0
ORD-3423,DHL,WH-Beta (US-West),Standard Ground,0.69,1319,1956.7,32,0
ORD-3424,FedEx,WH-Gamma (US-Central),Standard Ground,0.56,1653,1827.0,42,0
ORD-3425,FedEx,WH-Alpha (US-East),Two-Day Air,0.96,3334,2063.5,62,1
ORD-3426,DHL,WH-Gamma (US-Central),Two-Day Air,0.82,474,1477.2,59,0
ORD-3427,USPS,WH-Gamma (US-Central),Same-Day,0.84,1077,1660.6,65,1
ORD-3428,Amazon Logistics,WH-Delta (US-South),Express Air,0.85,1879,782.1,47,0
ORD-3429,Amazon Logistics,WH-Alpha (US-East),Standard Ground,0.85,3551,893.5,38,1
ORD-3430,USPS,WH-Alpha (US-East),Two-Day Air,0.99,2096,1901.2,11,0
ORD-3431,DHL,WH-Alpha (US-East),Standard Ground,0.95,2556,150.7,56,0
ORD-3432,Amazon Logistics,WH-Alpha (US-East),Two-Day Air,0.89,574,422.5,21,0
ORD-3433,USPS,WH-Alpha (US-East),Express Air,0.99,3082,1441.8,5,0
ORD-3434,Amazon Logistics,WH-Gamma (US-Central),Same-Day,0.72,631,1239.2,7,0
ORD-3435,USPS,WH-Alpha (US-East),Standard Ground,0.64,2042,985.8,48,0
ORD-3436,USPS,WH-Beta (US-West),Two-Day Air,0.56,2296,2451.4,70,1
ORD-3437,FedEx,WH-Beta (US-West),Express Air,0.86,1056,2328.5,28,1
ORD-3438,FedEx,WH-Alpha (US-East),Same-Day,0.79,1889,130.5,61,0
ORD-3439,USPS,WH-Alpha (US-East),Same-Day,0.55,2058,457.5,54,1
ORD-3440,DHL,WH-Beta (US-West),Express Air,0.73,4739,2003.6,32,0
ORD-3441,Amazon Logistics,WH-Alpha (US-East),Express Air,0.65,4896,2345.8,12,0
ORD-3442,FedEx,WH-Alpha (US-East),Express Air,0.64,1546,730.3,17,1
ORD-3443,Amazon Logistics,WH-Gamma (US-Central),Two-Day Air,0.85,4104,2090.0,22,0
ORD-3444,Amazon Logistics,WH-Beta (US-West),Express Air,0.99,4709,35.1,22,0
ORD-3445,USPS,WH-Gamma (US-Central),Two-Day Air,0.74,3494,1017.3,71,0
ORD-3446,DHL,WH-Beta (US-West),Express Air,0.55,605,755.5,47,0
ORD-3447,USPS,WH-Gamma (US-Central),Express Air,0.65,2670,1523.3,69,1
ORD-3448,USPS,WH-Alpha (US-East),Express Air,0.89,3633,695.4,55,0
ORD-3449,DHL,WH-Alpha (US-East),Same-Day,0.86,4633,561.0,20,0
ORD-3450,DHL,WH-Gamma (US-Central),Express Air,0.98,4286,2219.1,49,1
ORD-3451,USPS,WH-Alpha (US-East),Standard Ground,0.72,2649,865.2,32,0
ORD-3452,Amazon Logistics,WH-Gamma (US-Central),Same-Day,0.63,3519,533.5,44,0
ORD-3453,FedEx,WH-Beta (US-West),Standard Ground,0.81,1297,2048.3,20,1
ORD-3454,USPS,WH-Delta (US-South),Express Air,0.81,1200,20.0,19,1
ORD-3455,Amazon Logistics,WH-Gamma (US-Central),Standard Ground,0.99,3994,299.8,65,1
ORD-3456,UPS,WH-Gamma (US-Central),Standard Ground,0.96,1950,2298.7,71,1
ORD-3457,UPS,WH-Alpha (US-East),Standard Ground,0.87,4113,1345.8,55,0
ORD-3458,Amazon Logistics,WH-Gamma (US-Central),Two-Day Air,0.51,987,663.9,65,1
ORD-3459,UPS,WH-Delta (US-South),Same-Day,0.73,2400,1876.3,45,0
ORD-3460,DHL,WH-Gamma (US-Central),Same-Day,0.68,326,1821.1,33,1
ORD-3461,UPS,WH-Gamma (US-Central),Standard Ground,0.78,3196,899.9,34,1
ORD-3462,Amazon Logistics,WH-Delta (US-South),Standard Ground,0.56,4621,1491.4,13,1
ORD-3463,Amazon Logistics,WH-Gamma (US-Central),Express Air,0.63,93,2280.4,56,1
ORD-3464,DHL,WH-Gamma (US-Central),Standard Ground,0.81,2964,1492.6,45,0
ORD-3465,Amazon Logistics,WH-Gamma (US-Central),Standard Ground,0.59,4258,400.1,65,1
ORD-3466,USPS,WH-Beta (US-West),Two-Day Air,0.95,4751,2478.4,50,1
ORD-3467,FedEx,WH-Beta (US-West),Standard Ground,0.8,1030,2328.9,57,1
ORD-3468,USPS,WH-Gamma (US-Central),Same-Day,0.51,497,1612.9,8,0
ORD-3469,Amazon Logistics,WH-Alpha (US-East),Standard Ground,0.96,3074,203.0,43,0
ORD-3470,DHL,WH-Gamma (US-Central),Express Air,0.73,4465,347.0,11,0
ORD-3471,Amazon Logistics,WH-Delta (US-South),Express Air,0.83,3898,2406.7,65,0
ORD-3472,DHL,WH-Gamma (US-Central),Standard Ground,0.69,795,2191.5,40,0
ORD-3473,FedEx,WH-Delta (US-South),Same-Day,0.54,3068,718.7,38,0
ORD-3474,UPS,WH-Gamma (US-Central),Express Air,0.88,3518,165.9,60,1
ORD-3475,USPS,WH-Delta (US-South),Standard Ground,0.8,843,2107.8,27,0
ORD-3476,UPS,WH-Alpha (US-East),Two-Day Air,0.59,1361,1272.9,37,1
ORD-3477,USPS,WH-Alpha (US-East),Express Air,0.7,4051,1642.8,29,0
ORD-3478,Amazon Logistics,WH-Beta (US-West),Same-Day,0.73,3017,2461.3,11,0
ORD-3479,DHL,WH-Gamma (US-Central),Standard Ground,0.81,2939,1285.2,45,1
ORD-3480,DHL,WH-Gamma (US-Central),Express Air,0.64,3632,1007.9,67,0
ORD-3481,FedEx,WH-Gamma (US-Central),Express Air,0.64,1359,2120.8,33,0
ORD-3482,DHL,WH-Beta (US-West),Standard Ground,0.65,821,2351.3,14,0
ORD-3483,USPS,WH-Beta (US-West),Standard Ground,0.87,2665,1499.4,10,1
ORD-3484,Amazon Logistics,WH-Delta (US-South),Express Air,0.73,1325,2465.2,37,1
ORD-3485,USPS,WH-Alpha (US-East),Standard Ground,0.6,3624,1469.4,25,1
ORD-3486,UPS,WH-Delta (US-South),Express Air,0.55,4442,1667.5,28,0
ORD-3487,Amazon Logistics,WH-Beta (US-West),Express Air,0.95,2047,1301.2,64,1
ORD-3488,USPS,WH-Beta (US-West),Two-Day Air,0.88,1116,1868.0,4,0
ORD-3489,FedEx,WH-Alpha (US-East),Same-Day,0.93,4767,1125.1,13,0
ORD-3490,Amazon Logistics,WH-Beta (US-West),Standard Ground,0.57,3598,566.8,52,1
ORD-3491,USPS,WH-Alpha (US-East),Two-Day Air,0.6,4440,1712.2,42,1
ORD-3492,DHL,WH-Alpha (US-East),Same-Day,0.77,1254,578.1,23,0
ORD-3493,FedEx,WH-Gamma (US-Central),Same-Day,0.92,2292,195.8,30,0
ORD-3494,UPS,WH-Gamma (US-Central),Standard Ground,0.94,4035,568.4,6,0
ORD-3495,USPS,WH-Alpha (US-East),Express Air,0.78,1005,1144.0,67,0
ORD-3496,FedEx,WH-Beta (US-West),Express Air,0.73,1231,1654.1,36,0
ORD-3497,Amazon Logistics,WH-Beta (US-West),Two-Day Air,0.8,764,1999.6,36,1
ORD-3498,UPS,WH-Beta (US-West),Express Air,0.94,781,1814.5,18,0
ORD-3499,DHL,WH-Alpha (US-East),Express Air,0.69,2554,1724.7,11,1
ORD-3500,USPS,WH-Alpha (US-East),Same-Day,0.81,4923,2378.4,17,1
ORD-3501,USPS,WH-Gamma (US-Central),Same-Day,0.72,4367,1736.3,57,1
ORD-3502,FedEx,WH-Delta (US-South),Express Air,0.99,3316,716.3,14,0
ORD-3503,USPS,WH-Beta (US-West),Express Air,0.85,4597,2366.2,47,1
ORD-3504,UPS,WH-Alpha (US-East),Express Air,0.83,3384,589.3,17,1
ORD-3505,Amazon Logistics,WH-Alpha (US-East),Standard Ground,0.6,2943,1659.8,27,0
ORD-3506,DHL,WH-Gamma (US-Central),Two-Day Air,0.59,2654,2258.1,67,1
ORD-3507,UPS,WH-Gamma (US-Central),Standard Ground,0.53,843,2375.6,50,1
ORD-3508,FedEx,WH-Beta (US-West),Standard Ground,0.78,4501,65.2,26,0
ORD-3509,FedEx,WH-Alpha (US-East),Standard Ground,0.75,2848,1349.1,44,1
ORD-3510,USPS,WH-Beta (US-West),Express Air,0.75,4976,2086.9,28,0
ORD-3511,USPS,WH-Alpha (US-East),Standard Ground,0.75,4035,56.4,59,1
ORD-3512,FedEx,WH-Beta (US-West),Standard Ground,0.57,3720,568.1,63,1
ORD-3513,USPS,WH-Alpha (US-East),Two-Day Air,0.78,2035,575.4,18,0
ORD-3514,Amazon Logistics,WH-Beta (US-West),Two-Day Air,0.51,588,1972.2,58,1
ORD-3515,Amazon Logistics,WH-Delta (US-South),Two-Day Air,0.78,3426,670.9,62,0
ORD-3516,DHL,WH-Gamma (US-Central),Standard Ground,0.5,1301,1724.5,31,1
ORD-3517,USPS,WH-Beta (US-West),Same-Day,0.82,3196,668.8,66,0
ORD-3518,DHL,WH-Delta (US-South),Express Air,0.82,460,565.1,61,1
ORD-3519,USPS,WH-Gamma (US-Central),Same-Day,0.51,829,294.5,29,0
ORD-3520,FedEx,WH-Alpha (US-East),Standard Ground,0.95,2500,1989.7,61,1
ORD-3521,USPS,WH-Delta (US-South),Standard Ground,0.51,3795,1451.8,43,1
ORD-3522,FedEx,WH-Alpha (US-East),Two-Day Air,0.62,483,470.4,45,1
ORD-3523,DHL,WH-Gamma (US-Central),Two-Day Air,0.58,2797,553.0,64,1
ORD-3524,Amazon Logistics,WH-Beta (US-West),Same-Day,0.92,3564,1846.0,27,1
ORD-3525,DHL,WH-Delta (US-South),Standard Ground,0.79,4744,468.7,21,0
ORD-3526,UPS,WH-Beta (US-West),Same-Day,0.57,1689,1165.8,13,0
ORD-3527,FedEx,WH-Gamma (US-Central),Standard Ground,0.75,2411,2122.6,8,0
ORD-3528,UPS,WH-Gamma (US-Central),Two-Day Air,0.97,1995,1436.4,37,1
ORD-3529,Amazon Logistics,WH-Alpha (US-East),Same-Day,1.0,4953,2145.5,22,0
ORD-3530,DHL,WH-Delta (US-South),Two-Day Air,0.53,3834,133.3,5,0
ORD-3531,DHL,WH-Delta (US-South),Two-Day Air,0.74,3061,2322.2,16,1
ORD-3532,USPS,WH-Beta (US-West),Two-Day Air,0.92,3354,895.7,47,1
ORD-3533,USPS,WH-Gamma (US-Central),Express Air,0.97,1663,240.4,21,0
ORD-3534,DHL,WH-Beta (US-West),Same-Day,0.52,649,336.2,36,0
ORD-3535,DHL,WH-Alpha (US-East),Standard Ground,0.7,3881,559.0,25,1
ORD-3536,USPS,WH-Gamma (US-Central),Same-Day,0.78,2411,682.6,56,0
ORD-3537,UPS,WH-Alpha (US-East),Two-Day Air,0.87,3014,405.2,17,0
ORD-3538,USPS,WH-Beta (US-West),Same-Day,0.8,2806,235.6,68,0
ORD-3539,FedEx,WH-Beta (US-West),Standard Ground,0.74,3277,2056.1,37,0
ORD-3540,FedEx,WH-Alpha (US-East),Express Air,0.69,1954,1786.7,51,1
ORD-3541,DHL,WH-Alpha (US-East),Same-Day,0.78,2873,437.9,30,0
ORD-3542,Amazon Logistics,WH-Beta (US-West),Same-Day,0.65,2967,753.5,9,1
ORD-3543,FedEx,WH-Alpha (US-East),Standard Ground,0.73,3814,529.6,8,1
ORD-3544,USPS,WH-Alpha (US-East),Express Air,0.89,3593,2489.8,44,1
ORD-3545,FedEx,WH-Gamma (US-Central),Standard Ground,0.57,1190,646.6,24,0
ORD-3546,UPS,WH-Alpha (US-East),Standard Ground,0.75,1100,1298.9,65,1
ORD-3547,FedEx,WH-Delta (US-South),Express Air,1.0,4250,1643.0,12,0
ORD-3548,UPS,WH-Alpha (US-East),Express Air,0.54,4927,487.3,51,1
ORD-3549,USPS,WH-Beta (US-West),Express Air,0.65,377,2164.6,4,1
ORD-3550,UPS,WH-Gamma (US-Central),Same-Day,1.0,1549,2318.6,46,1
ORD-3551,Amazon Logistics,WH-Alpha (US-East),Express Air,0.53,909,194.6,7,0
ORD-3552,DHL,WH-Delta (US-South),Express Air,0.96,2181,2049.3,12,0
ORD-3553,UPS,WH-Alpha (US-East),Same-Day,0.72,152,1626.1,41,0
ORD-3554,DHL,WH-Alpha (US-East),Express Air,0.53,3412,1736.7,19,0
ORD-3555,Amazon Logistics,WH-Gamma (US-Central),Two-Day Air,0.51,3925,1084.5,22,0
ORD-3556,Amazon Logistics,WH-Beta (US-West),Same-Day,0.57,2988,757.2,56,1
ORD-3557,UPS,WH-Alpha (US-East),Express Air,1.0,2297,407.8,12,0
ORD-3558,Amazon Logistics,WH-Alpha (US-East),Two-Day Air,0.85,3434,23.7,48,1
ORD-3559,USPS,WH-Beta (US-West),Two-Day Air,0.6,1860,255.6,36,0
ORD-3560,USPS,WH-Beta (US-West),Two-Day Air,0.7,3455,451.0,5,0
ORD-3561,DHL,WH-Beta (US-West),Express Air,0.79,4908,661.2,52,0
ORD-3562,DHL,WH-Alpha (US-East),Same-Day,0.5,1070,51.5,17,0
ORD-3563,USPS,WH-Alpha (US-East),Standard Ground,0.61,4035,1879.1,25,1
ORD-3564,UPS,WH-Alpha (US-East),Same-Day,0.55,3451,1747.5,5,1
ORD-3565,UPS,WH-Beta (US-West),Two-Day Air,0.75,3280,420.1,68,1
ORD-3566,USPS,WH-Alpha (US-East),Same-Day,0.8,3654,557.9,31,0
ORD-3567,UPS,WH-Beta (US-West),Same-Day,0.84,3041,1040.3,54,0
ORD-3568,UPS,WH-Alpha (US-East),Two-Day Air,0.6,4086,1227.5,32,1
ORD-3569,DHL,WH-Alpha (US-East),Two-Day Air,0.74,2815,1346.8,30,0
ORD-3570,FedEx,WH-Alpha (US-East),Standard Ground,0.6,3651,2109.9,9,0
ORD-3571,Amazon Logistics,WH-Gamma (US-Central),Express Air,0.55,4188,104.3,43,0
ORD-3572,Amazon Logistics,WH-Gamma (US-Central),Express Air,0.55,3027,2252.7,19,0
ORD-3573,DHL,WH-Gamma (US-Central),Two-Day Air,0.62,2006,1219.6,65,0
ORD-3574,Amazon Logistics,WH-Beta (US-West),Two-Day Air,1.0,1747,1961.3,68,1
ORD-3575,FedEx,WH-Alpha (US-East),Express Air,0.64,1698,1232.9,56,0
ORD-3576,USPS,WH-Delta (US-South),Standard Ground,0.59,310,1243.5,42,1
ORD-3577,DHL,WH-Delta (US-South),Same-Day,0.84,4405,1384.9,8,0
ORD-3578,DHL,WH-Alpha (US-East),Two-Day Air,0.84,221,1539.8,41,0
ORD-3579,Amazon Logistics,WH-Gamma (US-Central),Express Air,0.99,1611,1090.9,67,0
ORD-3580,FedEx,WH-Alpha (US-East),Same-Day,0.7,1542,1977.6,54,0
ORD-3581,UPS,WH-Alpha (US-East),Standard Ground,0.99,2177,400.5,27,0
ORD-3582,USPS,WH-Beta (US-West),Same-Day,0.93,4554,2407.8,55,0
ORD-3583,UPS,WH-Delta (US-South),Standard Ground,0.73,4729,253.5,46,1
ORD-3584,DHL,WH-Alpha (US-East),Express Air,0.76,4075,1697.4,40,0
ORD-3585,Amazon Logistics,WH-Delta (US-South),Same-Day,0.92,985,2371.3,55,1
ORD-3586,Amazon Logistics,WH-Gamma (US-Central),Two-Day Air,0.57,821,862.0,30,1
ORD-3587,USPS,WH-Gamma (US-Central),Express Air,0.94,585,1280.8,34,0
ORD-3588,Amazon Logistics,WH-Gamma (US-Central),Express Air,0.91,1575,1296.8,34,1
ORD-3589,FedEx,WH-Delta (US-South),Standard Ground,0.75,3345,1061.2,30,0
ORD-3590,DHL,WH-Gamma (US-Central),Two-Day Air,0.68,2440,1146.8,49,0
ORD-3591,FedEx,WH-Beta (US-West),Two-Day Air,0.84,3186,2410.6,58,1
ORD-3592,USPS,WH-Gamma (US-Central),Two-Day Air,0.99,3314,1608.0,39,0
ORD-3593,UPS,WH-Alpha (US-East),Two-Day Air,0.82,394,973.9,48,0
ORD-3594,FedEx,WH-Gamma (US-Central),Two-Day Air,0.57,3735,2075.6,30,0
ORD-3595,Amazon Logistics,WH-Gamma (US-Central),Express Air,0.79,3995,1695.9,38,1
ORD-3596,USPS,WH-Beta (US-West),Same-Day,0.95,1944,22.3,15,0
ORD-3597,Amazon Logistics,WH-Beta (US-West),Same-Day,0.78,1832,124.0,26,0
ORD-3598,DHL,WH-Gamma (US-Central),Standard Ground,0.73,2140,1232.2,31,0
ORD-3599,UPS,WH-Gamma (US-Central),Two-Day Air,0.73,4891,245.6,19,0
ORD-3600,DHL,WH-Alpha (US-East),Express Air,0.97,3252,719.7,22,0
ORD-3601,DHL,WH-Alpha (US-East),Same-Day,0.87,59,893.5,29,0
ORD-3602,USPS,WH-Delta (US-South),Standard Ground,0.55,751,1648.7,6,0
ORD-3603,UPS,WH-Gamma (US-Central),Express Air,0.88,230,2469.5,67,1
ORD-3604,FedEx,WH-Beta (US-West),Two-Day Air,0.72,4655,2399.9,70,1
ORD-3605,FedEx,WH-Delta (US-South),Standard Ground,0.91,879,181.4,6,0
ORD-3606,FedEx,WH-Gamma (US-Central),Express Air,0.92,2020,1678.5,67,0
ORD-3607,FedEx,WH-Beta (US-West),Express Air,0.57,2634,976.5,45,1
ORD-3608,DHL,WH-Alpha (US-East),Two-Day Air,0.9,3040,632.3,20,1
ORD-3609,DHL,WH-Delta (US-South),Express Air,0.57,1094,2429.3,4,0
ORD-3610,USPS,WH-Gamma (US-Central),Same-Day,0.95,1883,1754.6,36,0
ORD-3611,USPS,WH-Beta (US-West),Same-Day,0.7,4796,694.8,13,1
ORD-3612,UPS,WH-Delta (US-South),Express Air,0.8,892,332.7,54,1
ORD-3613,FedEx,WH-Alpha (US-East),Standard Ground,0.59,3498,992.6,51,1
ORD-3614,USPS,WH-Alpha (US-East),Same-Day,0.99,493,108.2,55,1
ORD-3615,FedEx,WH-Alpha (US-East),Standard Ground,0.64,2855,1449.7,19,1
ORD-3616,DHL,WH-Beta (US-West),Same-Day,0.85,1540,944.8,59,0
ORD-3617,DHL,WH-Gamma (US-Central),Express Air,0.73,1171,1313.2,49,0
ORD-3618,Amazon Logistics,WH-Alpha (US-East),Express Air,0.99,1891,1296.8,26,0
ORD-3619,DHL,WH-Gamma (US-Central),Two-Day Air,0.59,2952,1631.0,34,1
ORD-3620,UPS,WH-Gamma (US-Central),Standard Ground,0.89,1407,802.5,12,0
ORD-3621,USPS,WH-Beta (US-West),Express Air,0.56,87,1863.9,68,1
ORD-3622,Amazon Logistics,WH-Alpha (US-East),Two-Day Air,0.91,4929,1712.7,29,0
ORD-3623,FedEx,WH-Alpha (US-East),Express Air,0.86,1577,1297.9,7,0
ORD-3624,Amazon Logistics,WH-Gamma (US-Central),Standard Ground,0.54,2544,1622.8,64,1
ORD-3625,Amazon Logistics,WH-Beta (US-West),Same-Day,0.97,4722,317.2,60,1
ORD-3626,DHL,WH-Alpha (US-East),Same-Day,0.76,399,615.1,50,0
ORD-3627,DHL,WH-Delta (US-South),Same-Day,0.66,1421,717.2,59,0
ORD-3628,FedEx,WH-Delta (US-South),Express Air,0.89,2280,2223.2,13,1
ORD-3629,UPS,WH-Gamma (US-Central),Express Air,0.76,265,2136.8,38,0
ORD-3630,Amazon Logistics,WH-Alpha (US-East),Standard Ground,0.77,3430,996.7,10,1
ORD-3631,FedEx,WH-Gamma (US-Central),Same-Day,0.76,3685,1471.2,51,0
ORD-3632,DHL,WH-Delta (US-South),Same-Day,0.57,4150,1486.8,5,0
ORD-3633,Amazon Logistics,WH-Gamma (US-Central),Standard Ground,0.56,2120,219.1,17,0
ORD-3634,UPS,WH-Delta (US-South),Two-Day Air,0.92,968,2214.0,57,0
ORD-3635,FedEx,WH-Alpha (US-East),Same-Day,0.54,764,1755.9,62,1
ORD-3636,Amazon Logistics,WH-Beta (US-West),Same-Day,0.56,408,735.9,7,0
ORD-3637,FedEx,WH-Alpha (US-East),Standard Ground,0.91,4952,2445.1,44,0
ORD-3638,DHL,WH-Gamma (US-Central),Express Air,0.94,3167,758.5,59,1
ORD-3639,FedEx,WH-Alpha (US-East),Same-Day,0.81,1241,1643.8,34,1
ORD-3640,FedEx,WH-Beta (US-West),Two-Day Air,0.65,4150,81.3,22,0
ORD-3641,FedEx,WH-Alpha (US-East),Express Air,0.74,84,161.8,6,1
ORD-3642,FedEx,WH-Gamma (US-Central),Standard Ground,0.69,3836,2390.8,25,1
ORD-3643,UPS,WH-Alpha (US-East),Express Air,0.89,3030,801.1,64,1
ORD-3644,UPS,WH-Beta (US-West),Express Air,0.94,342,1244.5,33,0
ORD-3645,Amazon Logistics,WH-Delta (US-South),Two-Day Air,0.8,4389,2436.6,11,0
ORD-3646,Amazon Logistics,WH-Gamma (US-Central),Same-Day,0.88,1935,952.7,23,1
ORD-3647,FedEx,WH-Gamma (US-Central),Express Air,0.81,1605,2470.4,13,0
ORD-3648,Amazon Logistics,WH-Alpha (US-East),Express Air,0.87,81,1741.2,69,1
ORD-3649,Amazon Logistics,WH-Gamma (US-Central),Standard Ground,0.51,3117,366.1,40,0
ORD-3650,Amazon Logistics,WH-Delta (US-South),Same-Day,0.91,3825,632.0,24,0
ORD-3651,DHL,WH-Gamma (US-Central),Standard Ground,0.84,3090,1563.5,19,0
ORD-3652,UPS,WH-Alpha (US-East),Same-Day,0.81,3879,1212.4,36,1
ORD-3653,USPS,WH-Alpha (US-East),Two-Day Air,0.51,182,976.6,22,0
ORD-3654,DHL,WH-Beta (US-West),Two-Day Air,0.98,3732,2169.3,32,1
ORD-3655,USPS,WH-Delta (US-South),Standard Ground,0.83,4162,1766.8,45,0
ORD-3656,Amazon Logistics,WH-Gamma (US-Central),Standard Ground,0.75,3044,1297.0,23,0
ORD-3657,UPS,WH-Alpha (US-East),Standard Ground,0.98,35,1449.1,47,1
ORD-3658,UPS,WH-Beta (US-West),Standard Ground,0.95,2434,929.7,31,1
ORD-3659,FedEx,WH-Alpha (US-East),Express Air,0.97,2254,842.9,4,0
ORD-3660,DHL,WH-Gamma (US-Central),Two-Day Air,0.84,4520,453.0,19,0
ORD-3661,Amazon Logistics,WH-Beta (US-West),Two-Day Air,0.95,4457,211.9,49,0
ORD-3662,UPS,WH-Alpha (US-East),Standard Ground,0.83,590,361.6,71,0
ORD-3663,UPS,WH-Gamma (US-Central),Same-Day,0.93,2444,1968.8,66,1
ORD-3664,USPS,WH-Delta (US-South),Two-Day Air,0.67,2303,2242.2,14,1
ORD-3665,Amazon Logistics,WH-Beta (US-West),Same-Day,0.91,1137,2015.2,61,1
ORD-3666,UPS,WH-Beta (US-West),Standard Ground,0.56,3066,465.0,4,0
ORD-3667,UPS,WH-Gamma (US-Central),Two-Day Air,0.85,374,21.3,9,0
ORD-3668,DHL,WH-Alpha (US-East),Standard Ground,0.76,1037,1994.9,68,1
ORD-3669,DHL,WH-Delta (US-South),Standard Ground,0.72,3892,237.3,28,0
ORD-3670,USPS,WH-Delta (US-South),Same-Day,0.83,789,1247.4,59,0
ORD-3671,DHL,WH-Delta (US-South),Two-Day Air,0.8,221,645.3,48,0
ORD-3672,DHL,WH-Delta (US-South),Standard Ground,0.96,37,78.0,41,0
ORD-3673,FedEx,WH-Delta (US-South),Express Air,0.61,4624,2279.3,21,1
ORD-3674,Amazon Logistics,WH-Beta (US-West),Express Air,0.9,4299,1853.5,37,0
ORD-3675,USPS,WH-Alpha (US-East),Standard Ground,0.79,235,2192.1,42,0
ORD-3676,DHL,WH-Alpha (US-East),Standard Ground,0.84,2926,219.2,25,0
ORD-3677,FedEx,WH-Delta (US-South),Standard Ground,0.97,1482,1036.5,8,0
ORD-3678,FedEx,WH-Alpha (US-East),Two-Day Air,0.92,3581,1532.5,27,0
ORD-3679,UPS,WH-Delta (US-South),Express Air,0.53,3097,2408.0,53,0
ORD-3680,UPS,WH-Delta (US-South),Same-Day,0.75,478,2355.0,68,0
ORD-3681,Amazon Logistics,WH-Gamma (US-Central),Two-Day Air,0.84,4480,1463.4,31,0
ORD-3682,Amazon Logistics,WH-Beta (US-West),Standard Ground,0.53,675,1508.9,11,1
ORD-3683,FedEx,WH-Delta (US-South),Two-Day Air,0.57,623,1189.2,50,0
ORD-3684,USPS,WH-Gamma (US-Central),Same-Day,0.85,420,1179.5,13,0
ORD-3685,FedEx,WH-Alpha (US-East),Same-Day,0.58,86,1176.1,23,0
ORD-3686,DHL,WH-Beta (US-West),Express Air,0.96,301,2082.3,18,1
ORD-3687,Amazon Logistics,WH-Gamma (US-Central),Express Air,0.79,431,1427.3,7,0
ORD-3688,USPS,WH-Gamma (US-Central),Same-Day,0.87,1685,2089.6,57,1
ORD-3689,Amazon Logistics,WH-Beta (US-West),Two-Day Air,0.52,4876,2486.2,53,1
ORD-3690,UPS,WH-Alpha (US-East),Standard Ground,0.79,3443,1212.8,36,0
ORD-3691,DHL,WH-Delta (US-South),Two-Day Air,0.71,4489,2366.8,53,1
ORD-3692,Amazon Logistics,WH-Beta (US-West),Standard Ground,0.84,4896,316.8,21,0
ORD-3693,FedEx,WH-Beta (US-West),Two-Day Air,0.96,1508,105.7,51,0
ORD-3694,USPS,WH-Delta (US-South),Standard Ground,0.94,689,1396.1,37,0
ORD-3695,USPS,WH-Alpha (US-East),Two-Day Air,0.82,1389,1013.1,13,0
ORD-3696,FedEx,WH-Gamma (US-Central),Two-Day Air,0.77,2078,181.9,64,0
ORD-3697,USPS,WH-Alpha (US-East),Standard Ground,0.94,2830,2411.0,50,1
ORD-3698,FedEx,WH-Alpha (US-East),Same-Day,0.55,4210,605.5,54,0
ORD-3699,FedEx,WH-Beta (US-West),Standard Ground,0.96,2999,1554.5,22,0
ORD-3700,USPS,WH-Alpha (US-East),Same-Day,0.97,4170,1080.8,48,1
ORD-3701,Amazon Logistics,WH-Alpha (US-East),Two-Day Air,0.59,1165,929.5,10,1
ORD-3702,DHL,WH-Beta (US-West),Two-Day Air,0.81,4841,221.3,37,1
ORD-3703,UPS,WH-Alpha (US-East),Same-Day,0.55,642,1555.4,5,0
ORD-3704,FedEx,WH-Alpha (US-East),Express Air,0.84,1011,726.0,37,0
ORD-3705,Amazon Logistics,WH-Gamma (US-Central),Standard Ground,0.58,1945,20.1,13,1
ORD-3706,Amazon Logistics,WH-Delta (US-South),Express Air,0.65,1717,2230.3,34,1
ORD-3707,FedEx,WH-Beta (US-West),Same-Day,0.53,700,2324.3,17,1
ORD-3708,Amazon Logistics,WH-Beta (US-West),Standard Ground,0.85,2214,1533.0,56,1
ORD-3709,USPS,WH-Delta (US-South),Two-Day Air,0.51,1028,454.0,33,1
ORD-3710,USPS,WH-Delta (US-South),Two-Day Air,0.58,4949,37.9,70,1
ORD-3711,DHL,WH-Alpha (US-East),Standard Ground,0.8,2847,1489.3,26,0
ORD-3712,Amazon Logistics,WH-Gamma (US-Central),Standard Ground,0.81,4150,676.2,5,0
ORD-3713,DHL,WH-Gamma (US-Central),Two-Day Air,0.96,1199,1795.4,25,1
ORD-3714,DHL,WH-Beta (US-West),Standard Ground,0.73,3523,373.9,51,1
ORD-3715,FedEx,WH-Gamma (US-Central),Express Air,0.67,3913,2162.9,45,1
ORD-3716,UPS,WH-Delta (US-South),Same-Day,0.7,2610,53.2,71,1
ORD-3717,FedEx,WH-Gamma (US-Central),Standard Ground,0.57,140,215.6,64,1
ORD-3718,USPS,WH-Beta (US-West),Express Air,0.83,2270,331.8,18,1
ORD-3719,DHL,WH-Alpha (US-East),Standard Ground,0.66,320,1233.3,30,1
ORD-3720,USPS,WH-Delta (US-South),Same-Day,0.51,4314,141.9,26,1
ORD-3721,FedEx,WH-Alpha (US-East),Two-Day Air,0.66,3699,813.6,70,0
ORD-3722,DHL,WH-Delta (US-South),Two-Day Air,0.75,4311,568.2,17,0
ORD-3723,Amazon Logistics,WH-Beta (US-West),Same-Day,0.88,1766,703.8,18,0
ORD-3724,UPS,WH-Alpha (US-East),Two-Day Air,0.58,860,2102.2,11,1
ORD-3725,Amazon Logistics,WH-Gamma (US-Central),Express Air,0.8,2174,2452.1,23,1
ORD-3726,USPS,WH-Gamma (US-Central),Standard Ground,0.58,3590,293.8,41,1
ORD-3727,Amazon Logistics,WH-Beta (US-West),Same-Day,0.69,1582,423.3,47,0
ORD-3728,FedEx,WH-Gamma (US-Central),Express Air,0.55,2577,1382.9,52,0
ORD-3729,UPS,WH-Alpha (US-East),Two-Day Air,0.93,2303,1618.1,9,0
ORD-3730,FedEx,WH-Gamma (US-Central),Standard Ground,0.98,477,896.2,27,0
ORD-3731,DHL,WH-Gamma (US-Central),Same-Day,0.59,3146,1670.8,50,0
ORD-3732,Amazon Logistics,WH-Gamma (US-Central),Express Air,0.88,4375,577.9,55,0
ORD-3733,Amazon Logistics,WH-Gamma (US-Central),Express Air,0.99,1534,1729.0,9,0
ORD-3734,DHL,WH-Delta (US-South),Two-Day Air,0.83,467,2233.3,15,0
ORD-3735,USPS,WH-Alpha (US-East),Express Air,0.92,2647,2014.0,69,0
ORD-3736,FedEx,WH-Beta (US-West),Standard Ground,0.55,2775,2090.1,65,0
ORD-3737,FedEx,WH-Alpha (US-East),Express Air,0.58,4809,966.9,47,0
ORD-3738,DHL,WH-Delta (US-South),Express Air,0.82,665,611.2,70,0
ORD-3739,UPS,WH-Gamma (US-Central),Same-Day,0.83,1388,2154.5,58,0
ORD-3740,FedEx,WH-Beta (US-West),Same-Day,0.88,3055,2245.6,28,0
ORD-3741,Amazon Logistics,WH-Alpha (US-East),Two-Day Air,0.56,11,2318.7,32,1
ORD-3742,FedEx,WH-Delta (US-South),Express Air,0.54,2854,1539.1,14,1
ORD-3743,DHL,WH-Alpha (US-East),Two-Day Air,0.77,199,1078.8,40,0
ORD-3744,DHL,WH-Delta (US-South),Express Air,0.97,1670,240.6,70,0
ORD-3745,UPS,WH-Alpha (US-East),Standard Ground,0.76,4467,2192.6,60,1
ORD-3746,FedEx,WH-Beta (US-West),Same-Day,0.94,1297,2438.2,40,0
ORD-3747,FedEx,WH-Alpha (US-East),Standard Ground,0.78,386,1463.6,61,1
ORD-3748,USPS,WH-Beta (US-West),Two-Day Air,0.59,3285,88.9,42,0
ORD-3749,DHL,WH-Delta (US-South),Standard Ground,0.58,2376,1617.0,25,1
ORD-3750,FedEx,WH-Alpha (US-East),Two-Day Air,0.65,709,899.6,65,0
ORD-3751,DHL,WH-Delta (US-South),Same-Day,0.95,3840,150.9,17,0
ORD-3752,Amazon Logistics,WH-Alpha (US-East),Two-Day Air,0.76,102,1313.3,40,0
ORD-3753,Amazon Logistics,WH-Alpha (US-East),Two-Day Air,0.78,853,2391.1,51,1
ORD-3754,DHL,WH-Gamma (US-Central),Express Air,0.69,3222,1882.3,19,0
ORD-3755,USPS,WH-Gamma (US-Central),Express Air,0.71,2866,526.1,50,1
ORD-3756,Amazon Logistics,WH-Alpha (US-East),Express Air,0.69,1931,955.9,13,0
ORD-3757,DHL,WH-Beta (US-West),Same-Day,0.84,242,798.4,46,1
ORD-3758,USPS,WH-Delta (US-South),Two-Day Air,0.83,1953,1338.3,30,1
ORD-3759,FedEx,WH-Delta (US-South),Same-Day,1.0,1297,1257.5,61,1
ORD-3760,UPS,WH-Delta (US-South),Two-Day Air,0.85,2021,1063.5,5,0
ORD-3761,USPS,WH-Delta (US-South),Same-Day,0.82,2459,2302.2,47,0
ORD-3762,UPS,WH-Beta (US-West),Standard Ground,0.55,2734,791.7,40,1
ORD-3763,Amazon Logistics,WH-Gamma (US-Central),Express Air,0.58,983,46.4,41,0
ORD-3764,FedEx,WH-Delta (US-South),Standard Ground,0.6,4500,1068.2,49,1
ORD-3765,USPS,WH-Gamma (US-Central),Standard Ground,0.85,4962,1542.1,42,0
ORD-3766,DHL,WH-Gamma (US-Central),Standard Ground,0.54,3161,2009.5,42,0
ORD-3767,USPS,WH-Alpha (US-East),Standard Ground,0.96,1324,2290.5,51,0
ORD-3768,DHL,WH-Gamma (US-Central),Two-Day Air,0.89,3497,133.8,62,0
ORD-3769,FedEx,WH-Delta (US-South),Express Air,0.59,48,2146.4,9,0
ORD-3770,USPS,WH-Delta (US-South),Same-Day,0.95,3663,1962.5,29,1
ORD-3771,UPS,WH-Delta (US-South),Two-Day Air,0.51,3917,2475.6,17,1
ORD-3772,FedEx,WH-Gamma (US-Central),Two-Day Air,0.57,4147,2031.2,71,1
ORD-3773,FedEx,WH-Gamma (US-Central),Standard Ground,0.84,4935,1459.3,50,1
ORD-3774,USPS,WH-Gamma (US-Central),Same-Day,0.94,1091,1886.2,21,0
ORD-3775,USPS,WH-Alpha (US-East),Standard Ground,0.98,267,1714.7,68,0
ORD-3776,UPS,WH-Gamma (US-Central),Express Air,0.93,2932,376.9,43,0
ORD-3777,Amazon Logistics,WH-Beta (US-West),Two-Day Air,0.66,1492,134.3,48,0
ORD-3778,DHL,WH-Gamma (US-Central),Express Air,0.89,2253,2081.7,7,0
ORD-3779,Amazon Logistics,WH-Delta (US-South),Express Air,0.72,4404,1652.1,66,0
ORD-3780,DHL,WH-Delta (US-South),Standard Ground,0.95,3110,683.3,26,0
ORD-3781,FedEx,WH-Alpha (US-East),Same-Day,0.63,178,2493.1,5,0
ORD-3782,DHL,WH-Alpha (US-East),Same-Day,0.88,4999,684.9,31,0
ORD-3783,USPS,WH-Delta (US-South),Same-Day,0.89,3996,2429.0,45,1
ORD-3784,FedEx,WH-Alpha (US-East),Same-Day,0.7,2425,1430.6,34,0
ORD-3785,FedEx,WH-Delta (US-South),Express Air,0.92,834,494.8,46,0
ORD-3786,USPS,WH-Alpha (US-East),Standard Ground,0.89,3059,910.6,41,1
ORD-3787,UPS,WH-Gamma (US-Central),Express Air,0.7,4769,1427.2,27,0
ORD-3788,FedEx,WH-Alpha (US-East),Standard Ground,0.66,4447,2338.1,67,1
ORD-3789,Amazon Logistics,WH-Gamma (US-Central),Standard Ground,0.81,2698,1002.3,32,0
ORD-3790,UPS,WH-Beta (US-West),Same-Day,0.73,4399,1428.0,46,1
ORD-3791,UPS,WH-Delta (US-South),Two-Day Air,0.52,2059,400.9,18,0
ORD-3792,Amazon Logistics,WH-Beta (US-West),Two-Day Air,0.96,1503,1906.8,48,1
ORD-3793,FedEx,WH-Beta (US-West),Express Air,0.7,1598,1879.9,14,0
ORD-3794,UPS,WH-Delta (US-South),Express Air,0.77,4949,181.8,36,0
ORD-3795,UPS,WH-Delta (US-South),Same-Day,0.84,3346,151.0,7,0
ORD-3796,USPS,WH-Delta (US-South),Two-Day Air,0.59,3058,216.3,42,1
ORD-3797,UPS,WH-Gamma (US-Central),Express Air,0.55,2769,1646.4,69,0
ORD-3798,UPS,WH-Alpha (US-East),Two-Day Air,0.98,4517,635.9,58,0
ORD-3799,FedEx,WH-Delta (US-South),Same-Day,0.55,2973,1031.3,71,0
ORD-3800,UPS,WH-Delta (US-South),Standard Ground,0.82,3551,1808.9,43,0
ORD-3801,USPS,WH-Alpha (US-East),Same-Day,0.59,4523,1383.2,9,1
ORD-3802,Amazon Logistics,WH-Gamma (US-Central),Express Air,0.58,815,236.1,69,0
ORD-3803,UPS,WH-Alpha (US-East),Same-Day,0.68,3233,919.4,58,0
ORD-3804,DHL,WH-Alpha (US-East),Express Air,0.89,2612,385.9,51,0
ORD-3805,DHL,WH-Gamma (US-Central),Express Air,0.61,4285,1876.0,26,1
ORD-3806,DHL,WH-Beta (US-West),Two-Day Air,0.64,4873,1068.9,40,0
ORD-3807,DHL,WH-Delta (US-South),Two-Day Air,0.55,3194,418.9,41,1
ORD-3808,USPS,WH-Alpha (US-East),Same-Day,0.5,11,1475.7,51,1
ORD-3809,Amazon Logistics,WH-Alpha (US-East),Same-Day,0.59,1161,864.6,31,0
ORD-3810,FedEx,WH-Beta (US-West),Standard Ground,0.74,2228,1862.7,15,0
ORD-3811,DHL,WH-Gamma (US-Central),Express Air,0.7,3298,1648.9,16,0
ORD-3812,DHL,WH-Beta (US-West),Two-Day Air,0.97,1407,758.6,55,0
ORD-3813,UPS,WH-Beta (US-West),Express Air,0.77,3881,1801.9,61,0
ORD-3814,UPS,WH-Gamma (US-Central),Express Air,0.76,3615,271.2,32,0
ORD-3815,DHL,WH-Alpha (US-East),Same-Day,0.78,4968,1513.8,65,1
ORD-3816,Amazon Logistics,WH-Delta (US-South),Express Air,0.92,1302,2428.3,54,1
ORD-3817,DHL,WH-Gamma (US-Central),Standard Ground,0.96,2671,2015.4,69,0
ORD-3818,Amazon Logistics,WH-Beta (US-West),Express Air,0.66,4287,2499.4,67,1
ORD-3819,DHL,WH-Delta (US-South),Same-Day,0.71,485,994.7,27,0
ORD-3820,UPS,WH-Gamma (US-Central),Express Air,0.57,2600,1914.0,9,0
ORD-3821,Amazon Logistics,WH-Gamma (US-Central),Standard Ground,0.78,1239,1229.1,8,0
ORD-3822,DHL,WH-Gamma (US-Central),Two-Day Air,0.91,2829,961.0,23,1
ORD-3823,DHL,WH-Beta (US-West),Standard Ground,0.86,1314,687.3,14,0
ORD-3824,UPS,WH-Alpha (US-East),Express Air,0.89,4512,2245.6,25,0
ORD-3825,UPS,WH-Alpha (US-East),Standard Ground,0.99,3660,2301.9,60,0
ORD-3826,UPS,WH-Delta (US-South),Standard Ground,0.99,3895,1897.9,59,1
ORD-3827,UPS,WH-Alpha (US-East),Same-Day,0.53,3732,978.5,16,1
ORD-3828,Amazon Logistics,WH-Alpha (US-East),Same-Day,0.75,83,1861.1,66,1
ORD-3829,UPS,WH-Beta (US-West),Two-Day Air,0.54,4608,1375.4,25,1
ORD-3830,USPS,WH-Delta (US-South),Standard Ground,0.95,2328,1913.9,19,1
ORD-3831,DHL,WH-Delta (US-South),Standard Ground,0.59,1611,1751.2,37,1
ORD-3832,UPS,WH-Alpha (US-East),Standard Ground,0.95,409,1017.7,17,0
ORD-3833,UPS,WH-Delta (US-South),Standard Ground,0.65,925,1031.6,30,1
ORD-3834,Amazon Logistics,WH-Gamma (US-Central),Same-Day,0.9,3573,873.3,44,0
ORD-3835,USPS,WH-Delta (US-South),Same-Day,0.95,3163,788.6,69,1
ORD-3836,UPS,WH-Beta (US-West),Same-Day,0.92,2548,2293.0,42,1
ORD-3837,USPS,WH-Alpha (US-East),Standard Ground,0.8,2491,133.4,10,0
ORD-3838,FedEx,WH-Alpha (US-East),Two-Day Air,0.78,3648,156.8,70,1
ORD-3839,USPS,WH-Gamma (US-Central),Express Air,0.7,4887,920.4,68,1
ORD-3840,UPS,WH-Beta (US-West),Express Air,0.83,2164,1820.6,31,0
ORD-3841,Amazon Logistics,WH-Beta (US-West),Same-Day,0.81,2434,732.7,66,0
ORD-3842,UPS,WH-Alpha (US-East),Same-Day,0.9,2506,1930.4,44,1
ORD-3843,Amazon Logistics,WH-Alpha (US-East),Express Air,0.69,2018,1508.5,14,0
ORD-3844,DHL,WH-Beta (US-West),Standard Ground,0.75,3094,612.4,9,0
ORD-3845,UPS,WH-Beta (US-West),Express Air,0.83,3897,510.7,49,1
ORD-3846,UPS,WH-Gamma (US-Central),Same-Day,0.69,1374,1681.0,32,0
ORD-3847,UPS,WH-Gamma (US-Central),Two-Day Air,0.78,948,1366.8,61,1
ORD-3848,Amazon Logistics,WH-Delta (US-South),Two-Day Air,0.98,3426,1141.9,32,0
ORD-3849,FedEx,WH-Alpha (US-East),Standard Ground,0.89,2078,871.6,35,1
ORD-3850,UPS,WH-Delta (US-South),Two-Day Air,0.96,1347,701.1,58,0
ORD-3851,USPS,WH-Gamma (US-Central),Standard Ground,0.78,315,1651.2,52,1
ORD-3852,Amazon Logistics,WH-Alpha (US-East),Same-Day,0.88,2754,562.2,71,0
ORD-3853,FedEx,WH-Alpha (US-East),Standard Ground,0.75,713,750.5,67,0
ORD-3854,USPS,WH-Alpha (US-East),Same-Day,0.9,1151,159.5,58,0
ORD-3855,Amazon Logistics,WH-Beta (US-West),Standard Ground,0.54,4737,1074.4,34,1
ORD-3856,Amazon Logistics,WH-Alpha (US-East),Standard Ground,0.51,4731,2469.5,47,0
ORD-3857,FedEx,WH-Alpha (US-East),Same-Day,0.65,3182,1362.3,28,0
ORD-3858,UPS,WH-Beta (US-West),Express Air,0.5,683,1364.0,21,1
ORD-3859,FedEx,WH-Alpha (US-East),Two-Day Air,0.77,1984,2157.0,55,1
ORD-3860,DHL,WH-Alpha (US-East),Express Air,0.61,2307,1635.5,69,1
ORD-3861,Amazon Logistics,WH-Gamma (US-Central),Express Air,0.76,3924,2453.6,31,0
ORD-3862,DHL,WH-Beta (US-West),Express Air,0.99,4428,45.8,28,0
ORD-3863,UPS,WH-Delta (US-South),Same-Day,0.58,4707,1548.0,14,0
ORD-3864,FedEx,WH-Delta (US-South),Two-Day Air,0.82,4441,1007.1,39,0
ORD-3865,UPS,WH-Gamma (US-Central),Two-Day Air,0.51,2605,361.6,43,1
ORD-3866,FedEx,WH-Delta (US-South),Two-Day Air,0.92,2588,1622.8,65,0
ORD-3867,DHL,WH-Alpha (US-East),Two-Day Air,0.59,1452,717.6,58,1
ORD-3868,Amazon Logistics,WH-Beta (US-West),Express Air,0.6,669,1344.7,11,0
ORD-3869,FedEx,WH-Delta (US-South),Express Air,0.73,2586,1894.6,15,1
ORD-3870,Amazon Logistics,WH-Alpha (US-East),Same-Day,0.73,3534,417.6,13,0
ORD-3871,DHL,WH-Beta (US-West),Standard Ground,0.65,1147,831.8,52,0
ORD-3872,DHL,WH-Gamma (US-Central),Express Air,0.8,3532,2101.7,42,1
ORD-3873,Amazon Logistics,WH-Gamma (US-Central),Express Air,0.9,3836,1040.3,54,1
ORD-3874,USPS,WH-Delta (US-South),Two-Day Air,0.9,1042,764.2,55,1
ORD-3875,FedEx,WH-Alpha (US-East),Two-Day Air,0.59,1439,113.6,66,0
ORD-3876,FedEx,WH-Gamma (US-Central),Same-Day,0.91,1535,1995.9,12,0
ORD-3877,DHL,WH-Delta (US-South),Express Air,0.79,3589,2351.8,12,0
ORD-3878,DHL,WH-Gamma (US-Central),Express Air,0.7,342,1802.3,46,1
ORD-3879,Amazon Logistics,WH-Alpha (US-East),Same-Day,0.85,4620,2025.8,18,0
ORD-3880,UPS,WH-Gamma (US-Central),Two-Day Air,0.95,4830,1592.7,41,1
ORD-3881,DHL,WH-Alpha (US-East),Express Air,0.83,538,1460.0,64,1
ORD-3882,UPS,WH-Beta (US-West),Same-Day,0.54,3357,905.9,24,1
ORD-3883,DHL,WH-Delta (US-South),Two-Day Air,0.54,4164,183.9,56,0
ORD-3884,UPS,WH-Beta (US-West),Same-Day,0.58,297,1180.6,22,0
ORD-3885,FedEx,WH-Beta (US-West),Two-Day Air,0.62,1097,1584.3,49,1
ORD-3886,FedEx,WH-Beta (US-West),Two-Day Air,0.79,3132,1913.9,43,1
ORD-3887,Amazon Logistics,WH-Alpha (US-East),Two-Day Air,0.57,3010,351.8,53,1
ORD-3888,Amazon Logistics,WH-Alpha (US-East),Two-Day Air,0.7,4538,1134.9,58,0
ORD-3889,FedEx,WH-Alpha (US-East),Standard Ground,0.52,4013,1492.9,59,1
ORD-3890,FedEx,WH-Delta (US-South),Same-Day,0.53,2675,1832.2,31,0
ORD-3891,FedEx,WH-Beta (US-West),Express Air,0.97,3524,1356.2,34,1
ORD-3892,Amazon Logistics,WH-Beta (US-West),Express Air,0.71,3572,2432.0,63,1
ORD-3893,UPS,WH-Beta (US-West),Standard Ground,0.68,835,902.3,71,1
ORD-3894,UPS,WH-Gamma (US-Central),Standard Ground,0.66,3233,2050.6,27,0
ORD-3895,DHL,WH-Delta (US-South),Standard Ground,0.67,1961,480.2,34,0
ORD-3896,USPS,WH-Delta (US-South),Standard Ground,0.62,2186,114.4,70,0
ORD-3897,FedEx,WH-Beta (US-West),Express Air,0.78,1578,162.2,19,0
ORD-3898,FedEx,WH-Gamma (US-Central),Two-Day Air,0.9,4056,2353.8,25,1
ORD-3899,USPS,WH-Delta (US-South),Two-Day Air,0.78,1684,1120.7,9,0
ORD-3900,FedEx,WH-Beta (US-West),Same-Day,0.7,4199,1082.1,17,0
ORD-3901,USPS,WH-Alpha (US-East),Same-Day,0.59,2126,916.4,24,0
ORD-3902,UPS,WH-Gamma (US-Central),Same-Day,0.89,1565,897.1,11,0
ORD-3903,DHL,WH-Delta (US-South),Same-Day,0.93,495,1659.6,9,0
ORD-3904,Amazon Logistics,WH-Beta (US-West),Two-Day Air,0.88,1354,1491.0,9,0
ORD-3905,Amazon Logistics,WH-Beta (US-West),Same-Day,0.56,3315,1554.2,50,1
ORD-3906,Amazon Logistics,WH-Beta (US-West),Express Air,0.86,568,1036.1,27,0
ORD-3907,USPS,WH-Gamma (US-Central),Standard Ground,0.98,3194,1907.1,15,0
ORD-3908,DHL,WH-Alpha (US-East),Express Air,0.74,1890,218.5,36,0
ORD-3909,USPS,WH-Alpha (US-East),Two-Day Air,0.57,1877,1529.2,71,1
ORD-3910,DHL,WH-Delta (US-South),Express Air,0.5,90,82.9,11,0
ORD-3911,USPS,WH-Delta (US-South),Same-Day,0.66,3579,250.1,23,1
ORD-3912,Amazon Logistics,WH-Beta (US-West),Standard Ground,0.79,1241,2405.9,65,1
ORD-3913,FedEx,WH-Gamma (US-Central),Two-Day Air,0.63,1641,1620.7,4,0
ORD-3914,DHL,WH-Alpha (US-East),Same-Day,0.63,2877,906.2,31,0
ORD-3915,UPS,WH-Gamma (US-Central),Standard Ground,0.86,3925,883.1,28,0
ORD-3916,USPS,WH-Delta (US-South),Express Air,0.85,2471,929.4,52,0
ORD-3917,DHL,WH-Delta (US-South),Standard Ground,0.86,921,1734.6,33,0
ORD-3918,DHL,WH-Delta (US-South),Two-Day Air,0.51,3451,66.6,6,0
ORD-3919,UPS,WH-Alpha (US-East),Two-Day Air,0.5,933,743.0,12,0
ORD-3920,UPS,WH-Alpha (US-East),Standard Ground,0.75,160,1855.9,63,1
ORD-3921,FedEx,WH-Gamma (US-Central),Same-Day,0.85,4409,84.7,47,0
ORD-3922,DHL,WH-Alpha (US-East),Express Air,0.74,3349,1883.3,24,0
ORD-3923,UPS,WH-Beta (US-West),Two-Day Air,0.74,4497,114.2,64,0
ORD-3924,DHL,WH-Delta (US-South),Express Air,0.57,1152,1436.6,40,1
ORD-3925,Amazon Logistics,WH-Beta (US-West),Express Air,0.62,3437,2476.6,52,0
ORD-3926,Amazon Logistics,WH-Delta (US-South),Two-Day Air,0.88,2752,1828.3,6,0
ORD-3927,FedEx,WH-Delta (US-South),Same-Day,0.57,4937,609.2,52,0
ORD-3928,DHL,WH-Alpha (US-East),Standard Ground,0.69,2642,1626.4,5,0
ORD-3929,USPS,WH-Delta (US-South),Two-Day Air,0.58,3972,959.3,23,0
ORD-3930,DHL,WH-Gamma (US-Central),Express Air,0.8,1251,464.3,22,0
ORD-3931,DHL,WH-Beta (US-West),Two-Day Air,0.96,3004,1389.6,57,1
ORD-3932,UPS,WH-Beta (US-West),Two-Day Air,0.64,4234,1391.4,54,1
ORD-3933,USPS,WH-Delta (US-South),Two-Day Air,0.88,3778,1105.1,50,1
ORD-3934,UPS,WH-Beta (US-West),Express Air,0.94,690,657.2,13,0
ORD-3935,UPS,WH-Alpha (US-East),Two-Day Air,0.52,4372,727.6,20,0
ORD-3936,FedEx,WH-Delta (US-South),Express Air,0.58,3439,1400.4,71,0
ORD-3937,USPS,WH-Gamma (US-Central),Express Air,0.54,2610,2205.6,38,0
ORD-3938,Amazon Logistics,WH-Alpha (US-East),Same-Day,0.55,3934,1998.5,28,1
ORD-3939,FedEx,WH-Beta (US-West),Same-Day,0.79,3615,1662.7,48,0
ORD-3940,FedEx,WH-Alpha (US-East),Standard Ground,0.83,2635,1760.0,17,0
ORD-3941,FedEx,WH-Delta (US-South),Standard Ground,0.62,3459,775.8,22,0
ORD-3942,Amazon Logistics,WH-Delta (US-South),Two-Day Air,0.53,1499,1895.9,43,0
ORD-3943,UPS,WH-Alpha (US-East),Two-Day Air,0.7,1328,1528.3,12,0
ORD-3944,UPS,WH-Delta (US-South),Standard Ground,0.82,1484,279.3,19,0
ORD-3945,Amazon Logistics,WH-Alpha (US-East),Same-Day,0.72,490,838.8,51,0
ORD-3946,Amazon Logistics,WH-Beta (US-West),Same-Day,0.61,579,1577.5,67,1
ORD-3947,Amazon Logistics,WH-Alpha (US-East),Standard Ground,0.58,1778,1447.7,40,0
ORD-3948,UPS,WH-Gamma (US-Central),Express Air,0.6,3755,2470.9,46,0
ORD-3949,FedEx,WH-Delta (US-South),Two-Day Air,1.0,4690,1113.4,56,1
ORD-3950,Amazon Logistics,WH-Gamma (US-Central),Express Air,0.98,1627,1495.5,47,0
ORD-3951,USPS,WH-Gamma (US-Central),Standard Ground,0.5,3253,240.7,54,0
ORD-3952,DHL,WH-Beta (US-West),Express Air,0.88,294,2458.9,62,1
ORD-3953,DHL,WH-Gamma (US-Central),Same-Day,0.79,3135,2254.7,57,1
ORD-3954,USPS,WH-Gamma (US-Central),Standard Ground,0.62,1905,1071.4,32,0
ORD-3955,USPS,WH-Delta (US-South),Express Air,0.92,808,1962.0,48,0
ORD-3956,DHL,WH-Delta (US-South),Two-Day Air,0.84,1724,2049.8,60,1
ORD-3957,USPS,WH-Alpha (US-East),Two-Day Air,0.68,4458,873.5,71,1
ORD-3958,FedEx,WH-Gamma (US-Central),Standard Ground,0.55,1884,1355.2,61,1
ORD-3959,UPS,WH-Delta (US-South),Express Air,0.52,1468,903.3,12,0
ORD-3960,UPS,WH-Beta (US-West),Standard Ground,0.95,2740,1869.6,69,0
ORD-3961,DHL,WH-Gamma (US-Central),Two-Day Air,0.86,765,1051.3,8,1
ORD-3962,Amazon Logistics,WH-Delta (US-South),Two-Day Air,0.55,146,402.7,26,0
ORD-3963,Amazon Logistics,WH-Gamma (US-Central),Two-Day Air,0.53,4516,1479.0,8,1
ORD-3964,DHL,WH-Alpha (US-East),Express Air,0.64,759,797.5,9,0
ORD-3965,Amazon Logistics,WH-Alpha (US-East),Standard Ground,0.71,3690,1033.3,33,0
ORD-3966,FedEx,WH-Delta (US-South),Two-Day Air,0.77,3159,1954.4,71,1
ORD-3967,FedEx,WH-Alpha (US-East),Same-Day,0.9,4890,973.9,60,1
ORD-3968,Amazon Logistics,WH-Alpha (US-East),Same-Day,0.88,1872,801.6,53,0
ORD-3969,USPS,WH-Gamma (US-Central),Two-Day Air,0.91,1990,1814.6,54,1
ORD-3970,UPS,WH-Gamma (US-Central),Two-Day Air,0.56,3037,1956.8,54,0
ORD-3971,UPS,WH-Gamma (US-Central),Express Air,0.99,339,613.8,46,0
ORD-3972,UPS,WH-Alpha (US-East),Same-Day,0.75,3168,1669.9,59,0
ORD-3973,UPS,WH-Beta (US-West),Express Air,0.92,2595,1481.5,12,0
ORD-3974,UPS,WH-Delta (US-South),Standard Ground,0.62,521,1453.5,62,1
ORD-3975,DHL,WH-Alpha (US-East),Same-Day,0.78,2843,50.2,62,0
ORD-3976,UPS,WH-Alpha (US-East),Two-Day Air,0.62,399,825.7,20,0
ORD-3977,Amazon Logistics,WH-Delta (US-South),Same-Day,0.57,3603,202.5,46,1
ORD-3978,DHL,WH-Gamma (US-Central),Standard Ground,0.74,718,1292.7,26,1
ORD-3979,Amazon Logistics,WH-Beta (US-West),Two-Day Air,0.97,3121,21.0,60,0
ORD-3980,USPS,WH-Delta (US-South),Express Air,0.54,23,807.5,28,1
ORD-3981,UPS,WH-Delta (US-South),Two-Day Air,0.77,2403,1542.7,50,1
ORD-3982,DHL,WH-Delta (US-South),Two-Day Air,0.88,1412,1397.1,53,0
ORD-3983,UPS,WH-Beta (US-West),Standard Ground,0.96,156,2195.6,7,1
ORD-3984,DHL,WH-Beta (US-West),Express Air,0.98,3629,2358.2,26,0
ORD-3985,DHL,WH-Gamma (US-Central),Same-Day,0.64,4115,258.2,22,0
ORD-3986,USPS,WH-Delta (US-South),Same-Day,1.0,3041,153.9,68,1
ORD-3987,FedEx,WH-Beta (US-West),Standard Ground,0.65,1377,1606.6,43,1
ORD-3988,USPS,WH-Beta (US-West),Two-Day Air,0.51,49,2333.6,11,1
ORD-3989,FedEx,WH-Alpha (US-East),Standard Ground,0.99,102,1790.7,16,0
ORD-3990,Amazon Logistics,WH-Delta (US-South),Two-Day Air,0.78,3014,887.7,54,0
ORD-3991,USPS,WH-Beta (US-West),Express Air,0.6,1983,1646.7,7,0
ORD-3992,USPS,WH-Beta (US-West),Two-Day Air,0.58,1459,2413.3,49,1
ORD-3993,Amazon Logistics,WH-Alpha (US-East),Standard Ground,0.63,4910,558.5,23,1
ORD-3994,FedEx,WH-Alpha (US-East),Standard Ground,0.8,1845,1345.7,65,0
ORD-3995,Amazon Logistics,WH-Alpha (US-East),Two-Day Air,0.8,1361,1680.6,48,1
ORD-3996,Amazon Logistics,WH-Gamma (US-Central),Standard Ground,0.73,328,1015.3,34,0
ORD-3997,DHL,WH-Delta (US-South),Same-Day,1.0,3960,1677.8,49,1
ORD-3998,UPS,WH-Alpha (US-East),Standard Ground,0.54,874,717.9,5,0
ORD-3999,Amazon Logistics,WH-Delta (US-South),Express Air,0.98,3740,181.8,6,0
